Date,Name,Year,Letterboxd URI
2025-01-02,Anora,2024,https://boxd.it/Egcw
2025-01-02,The Holdovers,2023,https://boxd.it/vHza
2025-01-02,Wallace & Gromit: Vengeance Most Fowl,2024,https://boxd.it/z14C
2025-01-02,The Brutalist,2024,https://boxd.it/k4BO
2025-01-02,Nickel Boys,2024,https://boxd.it/CStQ
2025-01-02,The Wild Robot,2024,https://boxd.it/IWFy
2025-01-02,Love Lies Bleeding,2024,https://boxd.it/zN4q
2025-01-02,Memoir of a Snail,2024,https://boxd.it/EgX8
2025-01-02,Perfect Days,2023,https://boxd.it/ATh8
2025-01-02,Small Things Like These,2024,https://boxd.it/FHIm
2025-01-02,Super/Man: The Christopher Reeve Story,2024,https://boxd.it/GFuE
2025-01-02,Deadpool & Wolverine,2024,https://boxd.it/jq8s
2025-01-02,Oddity,2024,https://boxd.it/K9pg
2025-01-02,We Live in Time,2024,https://boxd.it/FC5u
2025-01-02,Look Back,2024,https://boxd.it/LjA6
2025-01-02,Mars Express,2023,https://boxd.it/lATC
2025-01-02,Thelma,2024,https://boxd.it/DOou
2025-01-02,The Colors Within,2024,https://boxd.it/DYEC
2025-01-02,Psycho,1960,https://boxd.it/2ab2
2025-01-02,Schindler's List,1993,https://boxd.it/2aq2
2025-01-02,Lawrence of Arabia,1962,https://boxd.it/2wRE
2025-01-02,The Virgin Suicides,1999,https://boxd.it/28JG
2025-01-02,Come and See,1985,https://boxd.it/1w9q
2025-01-02,The Prince of Egypt,1998,https://boxd.it/1XGQ
2025-01-02,The Princess Bride,1987,https://boxd.it/26EY
2025-01-02,12 Angry Men,1957,https://boxd.it/2auI
2025-01-02,High and Low,1963,https://boxd.it/1RSc
2025-01-02,Spider-Man: Into the Spider-Verse,2018,https://boxd.it/azpY
2025-01-02,Ikiru,1952,https://boxd.it/251c
2025-01-02,The Apartment,1960,https://boxd.it/2aGE
2025-01-02,Do the Right Thing,1989,https://boxd.it/29gA
2025-01-02,Jojo Rabbit,2019,https://boxd.it/iEBG
2025-01-02,Heat,1995,https://boxd.it/2bg8
2025-01-02,Children of Men,2006,https://boxd.it/1Y2i
2025-01-02,Harakiri,1962,https://boxd.it/1NTU
2025-01-02,Eternal Sunshine of the Spotless Mind,2004,https://boxd.it/6YK
2025-01-02,A Silent Voice: The Movie,2016,https://boxd.it/d99c
2025-01-02,The Elephant Man,1980,https://boxd.it/27LQ
2025-01-02,Casablanca,1942,https://boxd.it/2aG0
2025-01-02,Requiem for a Dream,2000,https://boxd.it/29VI
2025-01-02,Clue,1985,https://boxd.it/1MDQ
2025-01-02,Amadeus,1984,https://boxd.it/2aH8
2025-01-02,City Lights,1931,https://boxd.it/29ki
2025-01-02,Before Sunrise,1995,https://boxd.it/2bcU
2025-01-02,When Harry Met Sally...,1989,https://boxd.it/29W2
2025-01-02,Seven Samurai,1954,https://boxd.it/2axi
2025-01-02,Millennium Actress,2001,https://boxd.it/1fK0
2025-01-02,Charade,1963,https://boxd.it/23O2
2025-01-02,Star Wars,1977,https://boxd.it/72s
2025-01-02,Alien,1979,https://boxd.it/2awY
2025-01-02,Life Is Beautiful,1997,https://boxd.it/29Wm
2025-01-02,Amélie,2001,https://boxd.it/2aUc
2025-01-02,Vertigo,1958,https://boxd.it/2apI
2025-01-02,Roman Holiday,1953,https://boxd.it/29zW
2025-01-02,Run Lola Run,1998,https://boxd.it/2b8o
2025-01-02,The Graduate,1967,https://boxd.it/18Im
2025-01-02,Singin' in the Rain,1952,https://boxd.it/29oY
2025-01-02,Y Tu Mamá También,2001,https://boxd.it/28QM
2025-01-02,Scream,1996,https://boxd.it/24EC
2025-01-02,La La Land,2016,https://boxd.it/a5fa
2025-01-02,Spotlight,2015,https://boxd.it/a84k
2025-01-02,"Paris, Texas",1984,https://boxd.it/29Ts
2025-01-02,The Empire Strikes Back,1980,https://boxd.it/27Vw
2025-01-02,Terminator 2: Judgment Day,1991,https://boxd.it/2aGY
2025-01-02,Taxi Driver,1976,https://boxd.it/2b8y
2025-01-02,Cinema Paradiso,1988,https://boxd.it/1UlA
2025-01-02,Scent of a Woman,1992,https://boxd.it/1YAu
2025-01-02,Aftersun,2022,https://boxd.it/Arw0
2025-01-02,Punch-Drunk Love,2002,https://boxd.it/20E4
2025-01-02,Hacksaw Ridge,2016,https://boxd.it/azew
2025-01-02,The Tree of Life,2011,https://boxd.it/1Zu8
2025-01-02,Mr. Nobody,2009,https://boxd.it/1k44
2025-01-02,Dead Poets Society,1989,https://boxd.it/2aSg
2025-01-02,Network,1976,https://boxd.it/1VqG
2025-01-02,The Thin Red Line,1998,https://boxd.it/1ZTM
2025-01-02,Tokyo Story,1953,https://boxd.it/1HuY
2025-01-02,Ed Wood,1994,https://boxd.it/2adM
2025-01-02,Incendies,2010,https://boxd.it/Msm
2025-01-02,Blade Runner 2049,2017,https://boxd.it/b8wK
2025-01-02,My Cousin Vinny,1992,https://boxd.it/1WpO
2025-01-02,Strangers on a Train,1951,https://boxd.it/29tk
2025-01-02,My Neighbor Totoro,1988,https://boxd.it/20eA
2025-01-02,The Usual Suspects,1995,https://boxd.it/29XE
2025-01-02,10 Things I Hate About You,1999,https://boxd.it/23AO
2025-01-02,Moonlight,2016,https://boxd.it/d6bE
2025-01-02,Office Space,1999,https://boxd.it/28Em
2025-01-02,A Knight's Tale,2001,https://boxd.it/1YAk
2025-01-02,Life,1999,https://boxd.it/21zE
2025-01-02,Hot Fuzz,2007,https://boxd.it/2416
2025-01-02,American Beauty,1999,https://boxd.it/71Y
2025-01-02,Fantastic Planet,1973,https://boxd.it/1KnQ
2025-01-02,The Treasure of the Sierra Madre,1948,https://boxd.it/25Lk
2025-01-02,The Intouchables,2011,https://boxd.it/2FT0
2025-01-02,The Hunt,2012,https://boxd.it/3wEC
2025-01-02,Mommy,2014,https://boxd.it/7Uau
2025-01-02,Chungking Express,1994,https://boxd.it/1UDa
2025-01-02,The Imitation Game,2014,https://boxd.it/6aig
2025-01-02,What Dreams May Come,1998,https://boxd.it/1SoM
2025-01-02,The Secret Life of Walter Mitty,2013,https://boxd.it/3SWy
2025-01-02,The Lives of Others,2006,https://boxd.it/2a4A
2025-01-02,Christiane F.,1981,https://boxd.it/1YiA
2025-01-02,Children of Paradise,1945,https://boxd.it/26H4
2025-01-02,Warrior,2011,https://boxd.it/i3G
2025-01-02,Speed,1994,https://boxd.it/28qk
2025-01-02,Sling Blade,1996,https://boxd.it/1RRo
2025-01-02,The Night of the Hunter,1955,https://boxd.it/25HW
2025-01-02,The Seventh Seal,1957,https://boxd.it/2ahO
2025-01-02,Repo Man,1984,https://boxd.it/1Plg
2025-01-02,BlacKkKlansman,2018,https://boxd.it/hxL8
2025-01-02,Trainspotting,1996,https://boxd.it/29XY
2025-01-02,The King's Speech,2010,https://boxd.it/dX0
2025-01-02,Secrets & Lies,1996,https://boxd.it/1UuC
2025-01-02,Let the Right One In,2008,https://boxd.it/1Qr0
2025-01-02,A Taxi Driver,2017,https://boxd.it/fwac
2025-01-02,A Man and a Woman,1966,https://boxd.it/Wb6
2025-01-02,What's Eating Gilbert Grape,1993,https://boxd.it/28xg
2025-01-02,The Terminal,2004,https://boxd.it/2a2O
2025-01-02,Moonstruck,1987,https://boxd.it/27zg
2025-01-02,Airplane!,1980,https://boxd.it/29yu
2025-01-02,Some Like It Hot,1959,https://boxd.it/2aNA
2025-01-02,Three Colours: Red,1994,https://boxd.it/2b7q
2025-01-02,Thelma & Louise,1991,https://boxd.it/28Ew
2025-01-02,My Life as a Dog,1985,https://boxd.it/1ZOM
2025-01-02,Rosemary's Baby,1968,https://boxd.it/29zM
2025-01-02,The 400 Blows,1959,https://boxd.it/2b1C
2025-01-02,Pierrot le Fou,1965,https://boxd.it/26j2
2025-01-02,Sound of Metal,2019,https://boxd.it/i7Q4
2025-01-02,In Bruges,2008,https://boxd.it/20n8
2025-01-02,Once Upon a Time in America,1984,https://boxd.it/2aCs
2025-01-02,Bicycle Thieves,1948,https://boxd.it/23hW
2025-01-02,Boyhood,2014,https://boxd.it/3178
2025-01-02,The Secret in Their Eyes,2009,https://boxd.it/1vWw
2025-01-02,The Naked Gun: From the Files of Police Squad!,1988,https://boxd.it/18YE
2025-01-02,Rear Window,1954,https://boxd.it/2a6Q
2025-01-02,Clerks,1994,https://boxd.it/2706
2025-01-02,Cléo from 5 to 7,1962,https://boxd.it/2agm
2025-01-02,The Blues Brothers,1980,https://boxd.it/2adi
2025-01-02,Tampopo,1985,https://boxd.it/1SZe
2025-01-02,The Father,2020,https://boxd.it/m8Ie
2025-01-02,Persona,1966,https://boxd.it/29B4
2025-01-02,Wait Until Dark,1967,https://boxd.it/1Unc
2025-01-02,Raising Arizona,1987,https://boxd.it/2avQ
2025-01-02,Blazing Saddles,1974,https://boxd.it/1UHQ
2025-01-02,Idiocracy,2006,https://boxd.it/20RW
2025-01-02,Snatch,2000,https://boxd.it/2b7U
2025-01-02,Corpse Bride,2005,https://boxd.it/24WQ
2025-01-02,Kung Fu Hustle,2004,https://boxd.it/1YBi
2025-01-02,"tick, tick... BOOM!",2021,https://boxd.it/jz2e
2025-01-02,Good Time,2017,https://boxd.it/fcFu
2025-01-02,Big Fish,2003,https://boxd.it/2a3M
2025-01-02,The Lego Movie,2014,https://boxd.it/4pDO
2025-01-02,"Three Billboards Outside Ebbing, Missouri",2017,https://boxd.it/ceBS
2025-01-02,The Farewell,2019,https://boxd.it/kIky
2025-01-02,Empire of the Sun,1987,https://boxd.it/1X4i
2025-01-02,Heathers,1989,https://boxd.it/26x4
2025-01-02,Predator,1987,https://boxd.it/2b84
2025-01-02,Rushmore,1998,https://boxd.it/1TAO
2025-01-02,A Serious Man,2009,https://boxd.it/1RFW
2025-01-02,Soul,2020,https://boxd.it/ioLA
2025-01-02,Lost in Translation,2003,https://boxd.it/2b0E
2025-01-02,The Pianist,2002,https://boxd.it/2aqc
2025-01-02,Inside Llewyn Davis,2013,https://boxd.it/34Ro
2025-01-02,Shoplifters,2018,https://boxd.it/ifY6
2025-01-02,Yi Yi,2000,https://boxd.it/1vCw
2025-01-02,Le Samouraï,1967,https://boxd.it/22ZI
2025-01-02,Taste of Cherry,1997,https://boxd.it/1m8W
2025-01-02,Clueless,1995,https://boxd.it/1Ygk
2025-01-02,Giant,1956,https://boxd.it/28fQ
2025-01-02,The Last Picture Show,1971,https://boxd.it/1weg
2025-01-02,The Handmaiden,2016,https://boxd.it/948A
2025-01-02,The Count of Monte Cristo,2002,https://boxd.it/1U24
2025-01-02,Only Yesterday,1991,https://boxd.it/1MR4
2025-01-02,Midnight Run,1988,https://boxd.it/1ZnQ
2025-01-02,M,1931,https://boxd.it/29vq
2025-01-02,The Trial,1962,https://boxd.it/25Xg
2025-01-02,The Salesman,2016,https://boxd.it/d2we
2025-01-02,His Girl Friday,1940,https://boxd.it/25M8
2025-01-02,Sorcerer,1977,https://boxd.it/14J6
2025-01-02,Whisper of the Heart,1995,https://boxd.it/17uy
2025-01-02,All That Jazz,1979,https://boxd.it/1JB8
2025-01-02,Brazil,1985,https://boxd.it/2be2
2025-01-02,Z,1969,https://boxd.it/26pY
2025-01-02,The Big Short,2015,https://boxd.it/ajZw
2025-01-02,Dog Day Afternoon,1975,https://boxd.it/29bg
2025-01-02,Lost Highway,1997,https://boxd.it/29Wc
2025-01-02,Double Indemnity,1944,https://boxd.it/297I
2025-01-02,Birdman or (The Unexpected Virtue of Ignorance),2014,https://boxd.it/5RFA
2025-01-02,The Raid,2011,https://boxd.it/3hBy
2025-01-02,Shall We Dance?,1996,https://boxd.it/1UhS
2025-01-02,Nikita,1990,https://boxd.it/1YYm
2025-01-02,Wild Strawberries,1957,https://boxd.it/29ZU
2025-01-02,Chef,2014,https://boxd.it/6lCG
2025-01-02,The Worst Person in the World,2021,https://boxd.it/oyws
2025-01-02,Almost Famous,2000,https://boxd.it/29CQ
2025-01-02,The Florida Project,2017,https://boxd.it/dMG0
2025-01-02,Mustang,2015,https://boxd.it/baaw
2025-01-02,"4 Months, 3 Weeks and 2 Days",2007,https://boxd.it/27DW
2025-01-02,Love Actually,2003,https://boxd.it/2aeU
2025-01-02,L.A. Confidential,1997,https://boxd.it/27oC
2025-01-02,Midnight Cowboy,1969,https://boxd.it/25Hi
2025-01-02,Cool Hand Luke,1967,https://boxd.it/29jY
2025-01-02,Days of Heaven,1978,https://boxd.it/1JRg
2025-01-02,Lilya 4-ever,2002,https://boxd.it/1SyW
2025-01-02,Another Round,2020,https://boxd.it/lkba
2025-01-02,Yojimbo,1961,https://boxd.it/1SRY
2025-01-02,Basic Instinct,1992,https://boxd.it/2asM
2025-01-02,Police Story,1985,https://boxd.it/1Zhe
2025-01-02,Das Boot,1981,https://boxd.it/2av2
2025-01-02,Thirteen,2003,https://boxd.it/1UPK
2025-01-02,Mother,2009,https://boxd.it/1m9g
2025-01-02,On the Waterfront,1954,https://boxd.it/29TC
2025-01-02,Suspiria,1977,https://boxd.it/1SNW
2025-01-02,Buffalo '66,1998,https://boxd.it/1YC6
2025-01-02,Close,2022,https://boxd.it/y4qa
2025-01-02,La Ciénaga,2001,https://boxd.it/kpk
2025-01-02,Rebel Without a Cause,1955,https://boxd.it/2aQu
2025-01-02,The Bridge on the River Kwai,1957,https://boxd.it/29wo
2025-01-02,After Hours,1985,https://boxd.it/1VfS
2025-01-02,Captain Fantastic,2016,https://boxd.it/b2K2
2025-01-02,Serpico,1973,https://boxd.it/1ZjE
2025-01-02,Into the Wild,2007,https://boxd.it/22m2
2025-01-02,"The Cook, the Thief, His Wife & Her Lover",1989,https://boxd.it/20VO
2025-01-02,Solaris,1972,https://boxd.it/2a2Y
2025-01-02,Thief,1981,https://boxd.it/1TEc
2025-01-02,The Double Life of Véronique,1991,https://boxd.it/28va
2025-01-02,Empire Records,1995,https://boxd.it/1PY8
2025-01-02,Blow Out,1981,https://boxd.it/1TlE
2025-01-02,Silver Linings Playbook,2012,https://boxd.it/2TTo
2025-01-02,Rashomon,1950,https://boxd.it/2a9K
2025-01-02,Moulin Rouge!,2001,https://boxd.it/29wI
2025-01-02,All About My Mother,1999,https://boxd.it/2b9c
2025-01-02,Central Station,1998,https://boxd.it/29RG
2025-01-02,Shallow Grave,1994,https://boxd.it/1XyW
2025-01-02,The Umbrellas of Cherbourg,1964,https://boxd.it/22fK
2025-01-02,Carrie,1976,https://boxd.it/20ZQ
2025-01-02,Kramer vs. Kramer,1979,https://boxd.it/h0w
2025-01-02,Fiddler on the Roof,1971,https://boxd.it/1Nle
2025-01-02,The Fabelmans,2022,https://boxd.it/ugoM
2025-01-02,West Side Story,1961,https://boxd.it/28dK
2025-01-02,The Edge of Seventeen,2016,https://boxd.it/d5nu
2025-01-02,Fantastic Mr. Fox,2009,https://boxd.it/1WyQ
2025-01-02,A Room with a View,1986,https://boxd.it/1UfC
2025-01-02,Ashes and Diamonds,1958,https://boxd.it/23q0
2025-01-02,The Talented Mr. Ripley,1999,https://boxd.it/2924
2025-01-02,Billy Elliot,2000,https://boxd.it/2bdy
2025-01-02,Oppenheimer,2023,https://boxd.it/wUow
2025-01-02,Trading Places,1983,https://boxd.it/28sK
2025-01-02,Mr. Smith Goes to Washington,1939,https://boxd.it/25Ms
2025-01-02,The Searchers,1956,https://boxd.it/25HC
2025-01-02,Brief Encounter,1945,https://boxd.it/29sm
2025-01-02,L'Avventura,1960,https://boxd.it/23hs
2025-01-02,American Graffiti,1973,https://boxd.it/29us
2025-01-02,The Peanut Butter Falcon,2019,https://boxd.it/gzu2
2025-01-02,Orpheus,1950,https://boxd.it/247o
2025-01-02,The Deer Hunter,1978,https://boxd.it/1T6O
2025-01-02,The Conversation,1974,https://boxd.it/2a38
2025-01-02,The Stepford Wives,1975,https://boxd.it/1Sfq
2025-01-02,Shaolin Soccer,2001,https://boxd.it/1T86
2025-01-02,Point Break,1991,https://boxd.it/2958
2025-01-02,Uptown Girls,2003,https://boxd.it/1N64
2025-01-02,Breaking Away,1979,https://boxd.it/1DMO
2025-01-02,Halloween,1978,https://boxd.it/2wRu
2025-01-02,The Motorcycle Diaries,2004,https://boxd.it/28nU
2025-01-02,Scott Pilgrim vs. the World,2010,https://boxd.it/1Aq6
2025-01-02,Hachi: A Dog's Tale,2009,https://boxd.it/1q4a
2025-01-02,Dr. Strangelove or: How I Learned to Stop Worrying and Love the Bomb,1964,https://boxd.it/29eY
2025-01-02,Au Revoir les Enfants,1987,https://boxd.it/288U
2025-01-02,The Fugitive,1993,https://boxd.it/230G
2025-01-02,Blood Simple,1984,https://boxd.it/1U16
2025-01-02,Harold and Maude,1971,https://boxd.it/2axM
2025-01-02,Beautiful Boy,2018,https://boxd.it/g76Q
2025-01-02,Rope,1948,https://boxd.it/28yo
2025-01-02,The Untouchables,1987,https://boxd.it/2b6i
2025-01-02,The Full Monty,1997,https://boxd.it/1YI4
2025-01-02,A Streetcar Named Desire,1951,https://boxd.it/29Mc
2025-01-02,Bridget Jones's Diary,2001,https://boxd.it/29WQ
2025-01-02,The Last Emperor,1987,https://boxd.it/29Ji
2025-01-02,Arsenic and Old Lace,1944,https://boxd.it/2aRW
2025-01-02,The Sweet Hereafter,1997,https://boxd.it/1WNm
2025-01-02,Eighth Grade,2018,https://boxd.it/hDMG
2025-01-02,Purple Noon,1960,https://boxd.it/1WrU
2025-01-02,The Third Man,1949,https://boxd.it/294E
2025-01-02,The Vanishing,1988,https://boxd.it/1ZTW
2025-01-02,The Return,2003,https://boxd.it/1UpM
2025-01-02,The Muppet Movie,1979,https://boxd.it/1UrS
2025-01-02,The Second Mother,2015,https://boxd.it/9Ydm
2025-01-02,The Great Beauty,2013,https://boxd.it/5ty6
2025-01-02,Monty Python and the Holy Grail,1975,https://boxd.it/29GI
2025-01-02,Past Lives,2023,https://boxd.it/oNB8
2025-01-02,The King of Comedy,1982,https://boxd.it/2aJS
2025-01-02,Witness for the Prosecution,1957,https://boxd.it/18H4
2025-01-02,The English Patient,1996,https://boxd.it/2arE
2025-01-02,The Great Escape,1963,https://boxd.it/22kA
2025-01-02,PlayTime,1967,https://boxd.it/1WLK
2025-01-02,Primal Fear,1996,https://boxd.it/28ws
2025-01-02,8½,1963,https://boxd.it/2aqm
2025-01-02,Guess Who's Coming to Dinner,1967,https://boxd.it/27Xi
2025-01-02,Who's Afraid of Virginia Woolf?,1966,https://boxd.it/2atK
2025-01-02,Thesis,1996,https://boxd.it/1Z1U
2025-01-02,"What's Up, Doc?",1972,https://boxd.it/21iy
2025-01-02,Capernaum,2018,https://boxd.it/iM3s
2025-01-02,Booksmart,2019,https://boxd.it/igNS
2025-01-02,Phantom of the Paradise,1974,https://boxd.it/1s34
2025-01-02,Le Trou,1960,https://boxd.it/1nSw
2025-01-02,The Red Shoes,1948,https://boxd.it/1EXI
2025-01-02,My Life as a Zucchini,2016,https://boxd.it/dL2y
2025-01-02,Sleuth,1972,https://boxd.it/298c
2025-01-02,The Insider,1999,https://boxd.it/1ZoE
2025-01-02,Lady Bird,2017,https://boxd.it/dGNE
2025-01-02,The Young and the Damned,1950,https://boxd.it/29AA
2025-01-02,Wild Tales,2014,https://boxd.it/7UmK
2025-01-02,Dark Waters,2019,https://boxd.it/kaYu
2025-01-02,The Warriors,1979,https://boxd.it/1TLC
2025-01-02,Wings of Desire,1987,https://boxd.it/2b26
2025-01-02,House,1977,https://boxd.it/1vsm
2025-01-02,Seven Psychopaths,2012,https://boxd.it/34PW
2025-01-02,In a Lonely Place,1950,https://boxd.it/1JgO
2025-01-02,The Young Girls of Rochefort,1967,https://boxd.it/26K8
2025-01-02,Say Anything...,1989,https://boxd.it/27B2
2025-01-02,"Suddenly, Last Summer",1959,https://boxd.it/1NyC
2025-01-02,Mary and Max,2009,https://boxd.it/1y2m
2025-01-02,A Ghost Story,2017,https://boxd.it/fb0K
2025-01-02,The Human Condition III: A Soldier's Prayer,1961,https://boxd.it/1dIQ
2025-01-02,The Human Condition I: No Greater Love,1959,https://boxd.it/1jAy
2025-01-02,Ran,1985,https://boxd.it/1Tlu
2025-01-02,A Brighter Summer Day,1991,https://boxd.it/1Luy
2025-01-02,Autumn Sonata,1978,https://boxd.it/1Rio
2025-01-02,Neon Genesis Evangelion: The End of Evangelion,1997,https://boxd.it/1GRM
2025-01-02,Woman in the Dunes,1964,https://boxd.it/1JNS
2025-01-02,Paths of Glory,1957,https://boxd.it/29b6
2025-01-02,Sunset Boulevard,1950,https://boxd.it/2a20
2025-01-02,Andrei Rublev,1966,https://boxd.it/29lg
2025-01-02,Spider-Man: Across the Spider-Verse,2023,https://boxd.it/kSz4
2025-01-02,The Passion of Joan of Arc,1928,https://boxd.it/29DO
2025-01-02,The Human Condition II: Road to Eternity,1959,https://boxd.it/1dJa
2025-01-02,Whiplash,2014,https://boxd.it/7bQA
2025-01-02,Mishima: A Life in Four Chapters,1985,https://boxd.it/1sBA
2025-01-02,Fanny and Alexander,1982,https://boxd.it/22go
2025-01-02,The Cranes Are Flying,1957,https://boxd.it/169Y
2025-01-02,Stalker,1979,https://boxd.it/28PO
2025-01-02,Close-Up,1990,https://boxd.it/1m9q
2025-01-02,The Battle of Algiers,1966,https://boxd.it/1IRY
2025-01-02,Sansho the Bailiff,1954,https://boxd.it/1Dkq
2025-01-02,The Ascent,1977,https://boxd.it/Eew
2025-01-02,A Woman Under the Influence,1974,https://boxd.it/1myg
2025-01-02,In the Mood for Love,2000,https://boxd.it/29tE
2025-01-02,I Am Cuba,1964,https://boxd.it/1hUQ
2025-01-02,Nights of Cabiria,1957,https://boxd.it/1F7e
2025-01-02,It's Such a Beautiful Day,2012,https://boxd.it/hCY2
2025-01-02,Nobody Knows,2004,https://boxd.it/26E0
2025-01-02,Love Exposure,2008,https://boxd.it/1pDe
2025-01-02,Sherlock Jr.,1924,https://boxd.it/298m
2025-01-02,I'm Still Here,2024,https://boxd.it/BPEO
2025-01-02,Apur Sansar,1959,https://boxd.it/29l6
2025-01-02,Ordet,1955,https://boxd.it/Jiy
2025-01-02,An Elephant Sitting Still,2018,https://boxd.it/i1EQ
2025-01-02,Landscape in the Mist,1988,https://boxd.it/JRy
2025-01-02,Army of Shadows,1969,https://boxd.it/1Mli
2025-01-02,Paper Moon,1973,https://boxd.it/1Ud2
2025-01-02,A Man Escaped,1956,https://boxd.it/1MzY
2025-01-02,All About Eve,1950,https://boxd.it/29LI
2025-01-02,The Thing,1982,https://boxd.it/294O
2025-01-02,Where Is the Friend's House?,1987,https://boxd.it/ELg
2025-01-02,Red Beard,1965,https://boxd.it/251m
2025-01-02,Scenes from a Marriage,1974,https://boxd.it/4kJC
2025-01-02,Eternity and a Day,1998,https://boxd.it/1wSq
2025-01-02,Little Women,2019,https://boxd.it/aSVk
2025-01-02,The Perks of Being a Wallflower,2012,https://boxd.it/2ZA8
2025-01-02,Pride & Prejudice,2005,https://boxd.it/24u8
2025-01-02,Black Swan,2010,https://boxd.it/Sw0
2025-01-02,Little Miss Sunshine,2006,https://boxd.it/29EW
2025-01-02,Mamma Mia!,2008,https://boxd.it/1Tnq
2025-01-02,About Time,2013,https://boxd.it/43bI
2025-01-02,"Girl, Interrupted",1999,https://boxd.it/25ds
2025-01-02,Her,2013,https://boxd.it/4O24
2025-01-02,Tangled,2010,https://boxd.it/15gO
2025-01-02,(500) Days of Summer,2009,https://boxd.it/1EmM
2025-01-02,The Devil Wears Prada,2006,https://boxd.it/2awE
2025-01-02,Bones and All,2022,https://boxd.it/tLd4
2025-01-02,Fallen Angels,1995,https://boxd.it/1UkW
2025-01-02,How to Lose a Guy in 10 Days,2003,https://boxd.it/1XwG
2025-01-02,How to Train Your Dragon,2010,https://boxd.it/1WRy
2025-01-02,Pearl,2022,https://boxd.it/zPbe
2025-01-02,Evangelion: 3.0+1.0 Thrice Upon a Time,2021,https://boxd.it/8LnQ
2025-01-02,Marcel the Shell with Shoes On,2021,https://boxd.it/wMAk
2025-01-02,The First Slam Dunk,2022,https://boxd.it/tt94
2025-01-02,Tokyo Godfathers,2003,https://boxd.it/1Qg2
2025-01-02,Interstella 5555: The 5tory of the 5ecret 5tar 5ystem,2003,https://boxd.it/1ULy
2025-01-02,Song of the Sea,2014,https://boxd.it/3Ic6
2025-01-02,Kizumonogatari Part 3: Reiketsu,2017,https://boxd.it/cq8y
2025-01-02,Wolfwalkers,2020,https://boxd.it/fGrC
2025-01-02,Flee,2021,https://boxd.it/ponM
2025-01-02,Son of the White Mare,1981,https://boxd.it/10f2
2025-01-02,Azur & Asmar: The Princes' Quest,2006,https://boxd.it/1FQy
2025-01-02,Persepolis,2007,https://boxd.it/27DC
2025-01-02,Mind Game,2004,https://boxd.it/1Bv2
2025-01-02,"Night Is Short, Walk On Girl",2017,https://boxd.it/ffwA
2025-01-02,Klaus,2019,https://boxd.it/ipoi
2025-01-02,Angel's Egg,1985,https://boxd.it/1LeA
2025-01-02,Puss in Boots: The Last Wish,2022,https://boxd.it/aaie
2025-01-02,Kiki's Delivery Service,1989,https://boxd.it/1JAY
2025-01-02,The Garden of Sinners: Paradox Spiral,2008,https://boxd.it/1zA0
2025-01-02,Ernest & Celestine,2012,https://boxd.it/493A
2025-01-02,Coco,2017,https://boxd.it/bYJQ
2025-01-02,The Tragedy of Man,2011,https://boxd.it/3SeQ
2025-01-02,The Wolf House,2018,https://boxd.it/i1vE
2025-01-02,Interface,2022,https://boxd.it/DDhs
2025-01-02,Wolf Children,2012,https://boxd.it/3Ipk
2025-01-02,Crayon Shin-chan: The Adult Empire Strikes Back,2001,https://boxd.it/18DG
2025-01-02,The Final Exit of the Disciples of Ascensia,2019,https://boxd.it/mpRC
2025-01-02,Blue Giant,2023,https://boxd.it/xwJW
2025-01-02,Ghost in the Shell,1995,https://boxd.it/1YYc
2025-01-02,Cowboy Bebop: The Movie,2001,https://boxd.it/1Uc4
2025-01-02,Princes and Princesses,2000,https://boxd.it/3eE
2025-01-02,Vampire Hunter D: Bloodlust,2000,https://boxd.it/1L3i
2025-01-02,Redline,2009,https://boxd.it/2pQ0
2025-01-02,Dou kyu sei – Classmates,2016,https://boxd.it/cW8g
2025-01-02,In This Corner of the World,2016,https://boxd.it/d9kY
2025-01-02,The Breadwinner,2017,https://boxd.it/frLs
2025-01-02,Robot Dreams,2023,https://boxd.it/vBZm
2025-01-02,Tekkonkinkreet,2006,https://boxd.it/1Pui
2025-01-02,Flow,2024,https://boxd.it/v1Ei
2025-01-02,Kizumonogatari Part 2: Nekketsu,2016,https://boxd.it/cq8o
2025-01-02,Batman: Mask of the Phantasm,1993,https://boxd.it/1N6S
2025-01-02,The Summit of the Gods,2021,https://boxd.it/qFIu
2025-01-02,Waltz with Bashir,2008,https://boxd.it/1ZFA
2025-01-02,Tower,2016,https://boxd.it/dg60
2025-01-02,Marona's Fantastic Tale,2019,https://boxd.it/kQVi
2025-01-02,Persona 3 the Movie: #4 Winter of Rebirth,2016,https://boxd.it/cW94
2025-01-02,The Triplets of Belleville,2003,https://boxd.it/1Y6Y
2025-01-02,Porco Rosso,1992,https://boxd.it/1Tp2
2025-01-02,Liz and the Blue Bird,2018,https://boxd.it/hksW
2025-01-02,The Castle of Cagliostro,1979,https://boxd.it/1Mn4
2025-01-02,A Town Called Panic,2009,https://boxd.it/11ki
2025-01-02,Tux and Fanny,2019,https://boxd.it/m0ds
2025-01-02,The Pied Piper,1986,https://boxd.it/2Sek
2025-01-02,The Adventures of Prince Achmed,1926,https://boxd.it/1FeY
2025-01-02,Minority Report,2002,https://boxd.it/2aWi
2025-01-02,A.I. Artificial Intelligence,2001,https://boxd.it/29Ve
2025-01-02,Seconds,1966,https://boxd.it/1Dbe
2025-01-02,The Tragedy of Macbeth,2021,https://boxd.it/lMi4
2025-01-02,The Earth Is Flat,2016,https://boxd.it/rz3i
2025-01-02,The Rules of the Game,1939,https://boxd.it/29Es
2025-01-02,Sunrise: A Song of Two Humans,1927,https://boxd.it/29Xk
2025-01-02,Man with a Movie Camera,1929,https://boxd.it/1u7s
2025-01-02,Battleship Potemkin,1925,https://boxd.it/29Vo
2025-01-02,L'Atalante,1934,https://boxd.it/ThU
2025-01-02,Breathless,1960,https://boxd.it/2aIK
2025-01-02,Late Spring,1949,https://boxd.it/1DkK
2025-01-02,Au Hasard Balthazar,1966,https://boxd.it/1E3g
2025-01-02,Mirror,1975,https://boxd.it/28Q8
2025-01-02,Contempt,1963,https://boxd.it/2aJe
2025-01-02,Shoah,1985,https://boxd.it/XSK
2025-01-02,The General,1926,https://boxd.it/29co
2025-01-02,Metropolis,1927,https://boxd.it/71a
2025-01-02,"Jeanne Dielman, 23, quai du Commerce, 1080 Bruxelles",1975,https://boxd.it/T18
2025-01-02,La Dolce Vita,1960,https://boxd.it/2anC
2025-01-02,Journey to Italy,1954,https://boxd.it/26o2
2025-01-02,Pather Panchali,1955,https://boxd.it/22yC
2025-01-02,Gertrud,1964,https://boxd.it/1ec2
2025-01-02,Histoire(s) du cinéma,1989,https://boxd.it/Mvuc
2025-01-02,Ugetsu,1953,https://boxd.it/1NyM
2025-01-02,La Jetée,1962,https://boxd.it/29Sk
2025-01-02,Raging Bull,1980,https://boxd.it/28yI
2025-01-02,The Leopard,1963,https://boxd.it/296K
2025-01-02,Touch of Evil,1958,https://boxd.it/28II
2025-01-02,The Mother and the Whore,1973,https://boxd.it/HQe
2025-01-02,Modern Times,1936,https://boxd.it/25MC
2025-01-02,Pickpocket,1959,https://boxd.it/29O8
2025-01-02,Rio Bravo,1959,https://boxd.it/2aE4
2025-01-02,Sans Soleil,1983,https://boxd.it/28B8
2025-01-04,Short Cuts,1993,https://boxd.it/29Nk
2025-01-04,Sanjuro,1962,https://boxd.it/1TaQ
2025-01-04,Shaft,1971,https://boxd.it/2ais
2025-01-04,Divorce Italian Style,1961,https://boxd.it/1DNs
2025-01-04,The Mystic,1925,https://boxd.it/5Be4
2025-01-04,Night Moves,1975,https://boxd.it/1hRM
2025-01-04,The Man Who Knew Too Much,1934,https://boxd.it/20uI
2025-01-04,Original Cast Album: Company,1970,https://boxd.it/3rPU
2025-01-04,Closely Watched Trains,1966,https://boxd.it/29Cm
2025-01-04,Hard Boiled,1992,https://boxd.it/1T6a
2025-01-04,Rififi,1955,https://boxd.it/29f8
2025-01-04,Bull Durham,1988,https://boxd.it/2wS8
2025-01-04,The Friends of Eddie Coyle,1973,https://boxd.it/1vki
2025-01-04,Happiness,1998,https://boxd.it/1VEe
2025-01-04,Infernal Affairs,2002,https://boxd.it/1Vqw
2025-01-04,EO,2022,https://boxd.it/txhc
2025-01-04,Certain Women,2016,https://boxd.it/bk7W
2025-01-04,Cold War,2018,https://boxd.it/fEoc
2025-01-04,The Velvet Underground,2021,https://boxd.it/jPXA
2025-01-04,Nightmare Alley,1947,https://boxd.it/1Fya
2025-01-04,Funny Games,1997,https://boxd.it/1WKM
2025-01-04,Polyester,1981,https://boxd.it/1Oq0
2025-01-04,La Pointe Courte,1955,https://boxd.it/ui4
2025-01-04,Prisoners of the Land,1939,https://boxd.it/b4Gm
2025-01-04,My Darling Clementine,1946,https://boxd.it/25LE
2025-01-04,Totally F***ed Up,1993,https://boxd.it/1fg0
2025-01-04,The Thief of Bagdad,1940,https://boxd.it/1Sei
2025-01-04,Insomnia,1997,https://boxd.it/1txk
2025-01-04,Valerie and Her Week of Wonders,1970,https://boxd.it/NsC
2025-01-04,Lost in America,1985,https://boxd.it/1shq
2025-01-04,Mandabi,1968,https://boxd.it/3pi0
2025-01-04,Only Angels Have Wings,1939,https://boxd.it/Ttw
2025-01-04,The Cremator,1969,https://boxd.it/1H8y
2025-01-04,Dreams,1990,https://boxd.it/1ROu
2025-01-04,Chilly Scenes of Winter,1979,https://boxd.it/Xyq
2025-01-04,Wanda,1970,https://boxd.it/2OjK
2025-01-04,Breaker Morant,1980,https://boxd.it/1PqK
2025-01-04,Ratcatcher,1999,https://boxd.it/1mSg
2025-01-04,Grey Gardens,1975,https://boxd.it/1INM
2025-01-04,The Uninvited,1944,https://boxd.it/1KeO
2025-01-04,Gummo,1997,https://boxd.it/1H0Y
2025-01-04,The Beast,2023,https://boxd.it/yqmk
2025-01-06,Lion,2016,https://boxd.it/b2La
2025-01-06,Big Hero 6,2014,https://boxd.it/5rje
2025-01-06,Roma,2018,https://boxd.it/f69M
2025-01-06,Asteroid City,2023,https://boxd.it/s3ds
2025-01-06,"The French Dispatch of the Liberty, Kansas Evening Sun",2021,https://boxd.it/jLP8
2025-01-06,The Darjeeling Limited,2007,https://boxd.it/24as
2025-01-06,The Wonderful Story of Henry Sugar,2023,https://boxd.it/yNyo
2025-01-06,The Life Aquatic with Steve Zissou,2004,https://boxd.it/2aqw
2025-01-06,Bottle Rocket,1996,https://boxd.it/1PDa
2025-01-06,Poison,2023,https://boxd.it/Is7Q
2025-01-06,The Swan,2023,https://boxd.it/Is80
2025-01-06,The Rat Catcher,2023,https://boxd.it/Is8a
2025-01-06,Hotel Chevalier,2007,https://boxd.it/21Ic
2025-01-06,Bottle Rocket,1993,https://boxd.it/pP8
2025-01-06,Castello Cavalcanti,2013,https://boxd.it/6WlM
2025-01-06,Come Together,2016,https://boxd.it/wVA4
2025-01-06,Cousin Ben Troop Screening,2012,https://boxd.it/49SS
2025-01-06,The Wonderful Story of Henry Sugar and Three More,2024,https://boxd.it/LYEy
2025-01-06,Loving Vincent,2017,https://boxd.it/biIQ
2025-01-06,Me and Earl and the Dying Girl,2015,https://boxd.it/9SAE
2025-01-06,Wonder,2017,https://boxd.it/ekeY
2025-01-06,CODA,2021,https://boxd.it/tbf4
2025-01-06,Chime,2024,https://boxd.it/KiS2
2025-01-06,Lovers Rock,2020,https://boxd.it/Cpn0
2025-01-06,Never Rarely Sometimes Always,2020,https://boxd.it/lWJk
2025-01-06,Saint Maud,2019,https://boxd.it/l8QA
2025-01-06,The Assistant,2019,https://boxd.it/neWo
2025-01-06,Toy Story 4,2019,https://boxd.it/9ALu
2025-01-06,For Sama,2019,https://boxd.it/l9wQ
2025-01-06,The Vast of Night,2019,https://boxd.it/kJyc
2025-01-06,Monos,2019,https://boxd.it/eJGe
2025-01-06,Vice,2018,https://boxd.it/fcFY
2025-01-06,A Star Is Born,2018,https://boxd.it/aXgc
2025-01-06,The Favourite,2018,https://boxd.it/d2hI
2025-01-06,The Greatest Showman,2017,https://boxd.it/acjI
2025-01-06,mother!,2017,https://boxd.it/dgRU
2025-01-06,Lady Macbeth,2016,https://boxd.it/erJk
2025-01-06,Jackie,2016,https://boxd.it/d6bu
2025-01-06,Dawson City: Frozen Time,2016,https://boxd.it/eAmk
2025-01-06,Toni Erdmann,2016,https://boxd.it/d0xu
2025-01-06,"I, Daniel Blake",2016,https://boxd.it/d0xa
2025-01-06,Manchester by the Sea,2016,https://boxd.it/b2L0
2025-01-06,Under the Shadow,2016,https://boxd.it/d1uG
2025-01-06,Bridge of Spies,2015,https://boxd.it/9n9C
2025-01-06,Straight Outta Compton,2015,https://boxd.it/8rMc
2025-01-06,Son of Saul,2015,https://boxd.it/b6r4
2025-01-06,Victoria,2015,https://boxd.it/amSe
2025-01-06,Tangerine,2015,https://boxd.it/9QRe
2025-01-06,Citizenfour,2014,https://boxd.it/9eSe
2025-01-06,The Theory of Everything,2014,https://boxd.it/7YtA
2025-01-06,The Look of Silence,2014,https://boxd.it/8006
2025-01-06,Leviathan,2014,https://boxd.it/7Ub8
2025-01-06,American Hustle,2013,https://boxd.it/5dz8
2025-01-06,Ida,2013,https://boxd.it/6fRg
2025-01-06,Under the Skin,2013,https://boxd.it/3mDa
2025-01-06,Gravity,2013,https://boxd.it/GZY
2025-01-06,Nebraska,2013,https://boxd.it/4exq
2025-01-06,A Touch of Sin,2013,https://boxd.it/5Fvo
2025-01-06,Les Misérables,2012,https://boxd.it/2TT4
2025-01-06,Lincoln,2012,https://boxd.it/2n2s
2025-01-06,Blancanieves,2012,https://boxd.it/4bwu
2025-01-06,Wadjda,2012,https://boxd.it/4drw
2025-01-06,The Act of Killing,2012,https://boxd.it/44Cg
2025-01-06,Amour,2012,https://boxd.it/34Q6
2025-01-06,Tinker Tailor Soldier Spy,2011,https://boxd.it/FRY
2025-01-06,The Descendants,2011,https://boxd.it/4Ba
2025-01-06,Shame,2011,https://boxd.it/2CxU
2025-01-06,Le Havre,2011,https://boxd.it/2vzu
2025-01-06,The Kid with a Bike,2011,https://boxd.it/5Xc
2025-01-06,The Artist,2011,https://boxd.it/2AwK
2025-01-06,Senna,2010,https://boxd.it/kfE
2025-01-06,Cave of Forgotten Dreams,2010,https://boxd.it/hWK
2025-01-06,Of Gods and Men,2010,https://boxd.it/Nq2
2025-01-06,Nostalgia for the Light,2010,https://boxd.it/2nGM
2025-01-06,The White Ribbon,2009,https://boxd.it/17eU
2025-01-06,Fish Tank,2009,https://boxd.it/1xBg
2025-01-06,In the Loop,2009,https://boxd.it/1EsA
2025-01-06,An Education,2009,https://boxd.it/1xcg
2025-01-06,The Wrestler,2008,https://boxd.it/1So8
2025-01-06,"The Good, the Bad, the Weird",2008,https://boxd.it/1MSG
2025-01-06,The Class,2008,https://boxd.it/1ZMc
2025-01-06,Gomorrah,2008,https://boxd.it/1ZG4
2025-01-06,Atonement,2007,https://boxd.it/24ui
2025-01-06,The Diving Bell and the Butterfly,2007,https://boxd.it/27Di
2025-01-06,La Vie en Rose,2007,https://boxd.it/28OQ
2025-01-06,Once,2007,https://boxd.it/22GG
2025-01-06,Surfwise,2007,https://boxd.it/1u2i
2025-01-06,Apocalypto,2006,https://boxd.it/28yy
2025-01-06,The Queen,2006,https://boxd.it/292e
2025-01-06,Babel,2006,https://boxd.it/292o
2025-01-06,United 93,2006,https://boxd.it/1XHY
2025-01-06,Volver,2006,https://boxd.it/2aQO
2025-01-06,The Last King of Scotland,2006,https://boxd.it/28FE
2025-01-06,Tsotsi,2005,https://boxd.it/29pC
2025-01-06,Caché,2005,https://boxd.it/2amY
2025-01-06,Paradise Now,2005,https://boxd.it/2bec
2025-01-06,Live and Become,2005,https://boxd.it/27Hu
2025-01-06,3-Iron,2004,https://boxd.it/28WK
2025-01-06,Sideways,2004,https://boxd.it/1Y5c
2025-01-06,A Very Long Engagement,2004,https://boxd.it/26dy
2025-01-06,Downfall,2004,https://boxd.it/2a04
2025-01-06,Moolaadé,2003,https://boxd.it/13w6
2025-01-06,Collateral,2004,https://boxd.it/28F0
2025-01-06,Fahrenheit 9/11,2004,https://boxd.it/28a2
2025-01-06,The Consequences of Love,2004,https://boxd.it/1xgM
2025-01-06,Head-On,2004,https://boxd.it/2awk
2025-01-06,Elephant,2003,https://boxd.it/287i
2025-01-06,The Barbarian Invasions,2003,https://boxd.it/1UMG
2025-01-06,Osama,2003,https://boxd.it/1NrG
2025-01-06,The Best of Youth,2003,https://boxd.it/1Tje
2025-01-06,"Good Bye, Lenin!",2003,https://boxd.it/2ayA
2025-01-06,Chicago,2002,https://boxd.it/28zm
2025-01-06,Distant,2002,https://boxd.it/1k28
2025-01-06,Adaptation.,2002,https://boxd.it/26mA
2025-01-06,Bus 174,2002,https://boxd.it/209q
2025-01-06,Bowling for Columbine,2002,https://boxd.it/28Ls
2025-01-06,Irreversible,2002,https://boxd.it/29as
2025-01-06,Talk to Her,2002,https://boxd.it/2beG
2025-01-06,Rabbit-Proof Fence,2002,https://boxd.it/1YnU
2025-01-06,Monsoon Wedding,2001,https://boxd.it/2aiM
2025-01-06,Lantana,2001,https://boxd.it/1Yt4
2025-01-06,What Time Is It There?,2001,https://boxd.it/1ybe
2025-01-06,The Piano Teacher,2001,https://boxd.it/2886
2025-01-06,No Man's Land,2001,https://boxd.it/20kI
2025-01-06,Kandahar,2001,https://boxd.it/1q5i
2025-01-06,The Son's Room,2001,https://boxd.it/1TPE
2025-01-06,Fat Girl,2001,https://boxd.it/2a6w
2025-01-06,Traffic,2000,https://boxd.it/27Ue
2025-01-06,Meet the Parents,2000,https://boxd.it/28vE
2025-01-06,Nine Queens,2000,https://boxd.it/1HBA
2025-01-06,The Gleaners and I,2000,https://boxd.it/S6c
2025-01-06,Dancer in the Dark,2000,https://boxd.it/71E
2025-01-06,Amores Perros,2000,https://boxd.it/2bfu
2025-01-06,Kippur,2000,https://boxd.it/Fos
2025-01-06,The Captive,2000,https://boxd.it/Lcs
2025-01-06,Signs & Wonders,2000,https://boxd.it/Kmw
2025-01-06,Ali Zaoua: Prince of the Streets,2000,https://boxd.it/GHK
2025-01-06,Taboo,1999,https://boxd.it/1DbI
2025-01-06,Audition,1999,https://boxd.it/1UHm
2025-01-06,Attack the Gas Station!,1999,https://boxd.it/1JUO
2025-01-06,Three Kings,1999,https://boxd.it/21IG
2025-01-06,The Wind Will Carry Us,1999,https://boxd.it/Uwc
2025-01-06,Being John Malkovich,1999,https://boxd.it/2ahu
2025-01-06,The Sacrifice,1986,https://boxd.it/1xg8
2025-01-06,Nostalgia,1983,https://boxd.it/28Qi
2025-01-06,Ivan's Childhood,1962,https://boxd.it/1j6y
2025-01-06,The Steamroller and the Violin,1961,https://boxd.it/16he
2025-01-06,Voyage in Time,1983,https://boxd.it/LL8
2025-01-06,Spartacus,1960,https://boxd.it/29bq
2025-01-06,Onibaba,1964,https://boxd.it/252a
2025-01-06,M*A*S*H,1970,https://boxd.it/29U6
2025-01-06,Straw Dogs,1971,https://boxd.it/2982
2025-01-06,The Rocky Horror Picture Show,1975,https://boxd.it/1a3q
2025-01-06,The Man Who Fell to Earth,1976,https://boxd.it/298w
2025-01-06,Eraserhead,1977,https://boxd.it/299u
2025-01-06,Sleeping Dogs,1977,https://boxd.it/180u
2025-01-06,Christ Stopped at Eboli,1979,https://boxd.it/Xz4
2025-01-06,Manhattan,1979,https://boxd.it/29Na
2025-01-06,Life of Brian,1979,https://boxd.it/2a4q
2025-01-06,The Jerk,1979,https://boxd.it/21EO
2025-01-06,Too Early / Too Late,1981,https://boxd.it/3m3m
2025-01-06,Poltergeist,1982,https://boxd.it/2a0o
2025-01-06,The Night of the Shooting Stars,1982,https://boxd.it/XFm
2025-01-06,The Ballad of Narayama,1983,https://boxd.it/XI6
2025-01-06,Return of the Jedi,1983,https://boxd.it/27Vm
2025-01-06,The Killing Fields,1984,https://boxd.it/29Yi
2025-01-06,A Passage to India,1984,https://boxd.it/1Ld8
2025-01-06,The Official Story,1985,https://boxd.it/1nS2
2025-01-06,The Purple Rose of Cairo,1985,https://boxd.it/1VeU
2025-01-06,Kiss of the Spider Woman,1985,https://boxd.it/1Tci
2025-01-06,The Time to Live and the Time to Die,1985,https://boxd.it/Oc6
2025-01-06,Out of Africa,1985,https://boxd.it/2a0S
2025-01-06,The Horse Thief,1986,https://boxd.it/XWs
2025-01-06,Hannah and Her Sisters,1986,https://boxd.it/23jy
2025-01-06,Aliens,1986,https://boxd.it/29PA
2025-01-06,The Fly,1986,https://boxd.it/1YIe
2025-01-06,Peking Opera Blues,1986,https://boxd.it/13fO
2025-01-06,Drowning by Numbers,1988,https://boxd.it/1rYe
2025-01-06,Hôtel Terminus: The Life and Times of Klaus Barbie,1988,https://boxd.it/Y6M
2025-01-06,Tetsuo: The Iron Man,1989,https://boxd.it/ZoM
2025-01-06,Slacker,1990,https://boxd.it/1OUu
2025-01-06,Dances with Wolves,1990,https://boxd.it/2a4K
2025-01-06,Jacob's Ladder,1990,https://boxd.it/270g
2025-01-06,Reversal of Fortune,1990,https://boxd.it/15mC
2025-01-06,Trust,1990,https://boxd.it/18Co
2025-01-06,My Own Private Idaho,1991,https://boxd.it/2ak4
2025-01-06,Hearts of Darkness: A Filmmaker's Apocalypse,1991,https://boxd.it/24ai
2025-01-06,Once Upon a Time in China,1991,https://boxd.it/1VOy
2025-01-06,Center Stage,1991,https://boxd.it/2enm
2025-01-06,Raise the Red Lantern,1991,https://boxd.it/1WlC
2025-01-06,Reservoir Dogs,1992,https://boxd.it/2agc
2025-01-06,A Tale of Winter,1992,https://boxd.it/1WJO
2025-01-06,Farewell My Concubine,1993,https://boxd.it/1UTM
2025-01-06,Through the Olive Trees,1994,https://boxd.it/Lx6
2025-01-06,Satantango,1994,https://boxd.it/1j9M
2025-01-06,Natural Born Killers,1994,https://boxd.it/2aNg
2025-01-06,The Blair Witch Project,1999,https://boxd.it/26ua
2025-01-06,Universal Language,2024,https://boxd.it/BlwA
2025-01-06,Swiss Army Man,2016,https://boxd.it/bDG2
2025-01-06,Menashe,2017,https://boxd.it/fbvo
2025-01-06,After Yang,2021,https://boxd.it/lx5a
2025-01-06,Imitation of Life,1959,https://boxd.it/1efK
2025-01-06,Ali: Fear Eats the Soul,1974,https://boxd.it/2aRi
2025-01-06,Touki Bouki,1973,https://boxd.it/2H44
2025-01-06,The Life and Death of Colonel Blimp,1943,https://boxd.it/1wwk
2025-01-06,Intolerance: Love's Struggle Throughout the Ages,1916,https://boxd.it/25Qk
2025-01-06,Un Chien Andalou,1929,https://boxd.it/29Y8
2025-01-06,A Matter of Life and Death,1946,https://boxd.it/1q6K
2025-01-06,"Aguirre, the Wrath of God",1972,https://boxd.it/27Fe
2025-01-06,A Day in the Country,1946,https://boxd.it/Tm6
2025-01-06,The Wild Bunch,1969,https://boxd.it/2a5y
2025-01-06,Greed,1924,https://boxd.it/28Pa
2025-01-06,The Color of Pomegranates,1969,https://boxd.it/1u94
2025-01-06,The Spirit of the Beehive,1973,https://boxd.it/24eY
2025-01-06,The Magnificent Ambersons,1942,https://boxd.it/29bK
2025-01-06,Grand Illusion,1937,https://boxd.it/29Ei
2025-01-06,L'Eclisse,1962,https://boxd.it/1CoG
2025-01-07,All We Imagine as Light,2024,https://boxd.it/yXaQ
2025-01-08,The Teachers' Lounge,2023,https://boxd.it/BINY
2025-01-08,All of Us Strangers,2023,https://boxd.it/Bz3C
2025-01-08,La Chimera,2023,https://boxd.it/vzVi
2025-01-08,Gondola,2023,https://boxd.it/J04m
2025-01-08,The Seed of the Sacred Fig,2024,https://boxd.it/MKo4
2025-01-19,A Real Pain,2024,https://boxd.it/CjNG
2025-01-24,Black Box Diaries,2024,https://boxd.it/K5dU
2025-01-24,No Other Land,2024,https://boxd.it/KOTG
2025-01-24,The Girl with the Needle,2024,https://boxd.it/KQ3M
2025-01-27,A Bronx Tale,1993,https://boxd.it/28uQ
2025-02-07,Anastasia,1997,https://boxd.it/1YFk
2025-02-07,The NeverEnding Story,1984,https://boxd.it/1dE0
2025-02-07,Labyrinth,1986,https://boxd.it/1POC
2025-02-07,Hook,1991,https://boxd.it/29nQ
2025-02-07,Legend,1985,https://boxd.it/1SCY
2025-02-07,The Monster Squad,1987,https://boxd.it/1Q1w
2025-02-07,Willow,1988,https://boxd.it/29t0
2025-02-07,The Secret of NIMH,1982,https://boxd.it/1Tc8
2025-02-07,The Secret of Kells,2009,https://boxd.it/1sMI
2025-02-07,Candyman,1992,https://boxd.it/1Ys6
2025-02-07,The Phantom of the Opera,2004,https://boxd.it/1XHu
2025-02-07,Attack on Titan: THE LAST ATTACK,2024,https://boxd.it/PgDE
2025-02-15,Better Man,2024,https://boxd.it/u6t8
2025-02-16,We're All Going to the World's Fair,2021,https://boxd.it/tbmY
2025-02-19,Mickey 17,2025,https://boxd.it/q1Dk
2025-02-19,The Apprentice,2024,https://boxd.it/IPqG
2025-02-19,Untitled Jordan Peele Film,,https://boxd.it/FHH4
2025-02-19,Inside Man,2006,https://boxd.it/2auS
2025-02-19,Da 5 Bloods,2020,https://boxd.it/lnXw
2025-02-19,25th Hour,2002,https://boxd.it/28LC
2025-02-19,Summer of Sam,1999,https://boxd.it/1WE0
2025-02-19,Werwulf,2026,https://boxd.it/SC72
2025-02-19,Untitled Labyrinth Sequel,,https://boxd.it/g826
2025-02-19,The Running Man,2025,https://boxd.it/u36A
2025-02-19,Zootopia,2016,https://boxd.it/84xS
2025-04-20,LifeHack,2025,https://boxd.it/N25E
2025-04-30,The Accountant,2016,https://boxd.it/9EhI
2025-05-21,Caught by the Tides,2024,https://boxd.it/GZ4Q
2025-05-22,The Life of Chuck,2024,https://boxd.it/vMTu
2025-05-25,The Assessment,2024,https://boxd.it/Ogf6
2025-05-30,Ghost Trail,2024,https://boxd.it/BQDs
2025-06-01,Escape from New York,1981,https://boxd.it/294k
2025-06-01,Escape from the 21st Century,2024,https://boxd.it/LcC0
2025-06-08,Harry Potter and the Deathly Hallows: Part 2,2011,https://boxd.it/1RYk
2025-06-08,Harry Potter and the Deathly Hallows: Part 1,2010,https://boxd.it/1RYu
2025-06-09,The French Connection,1971,https://boxd.it/296g
2025-06-09,Columbus,2017,https://boxd.it/eCuA
2025-06-12,How to Train Your Dragon,2025,https://boxd.it/F7Je
2025-06-12,28 Days Later,2002,https://boxd.it/2aXU
2025-06-13,A Christmas Carol,,https://boxd.it/VChi
2025-06-13,The Vietnam War,2017,https://boxd.it/h75q
2025-06-13,Lolita,1962,https://boxd.it/29Ag
2025-06-13,Mad God,2021,https://boxd.it/vVPm
2025-06-13,9,2009,https://boxd.it/1Scm
2025-06-13,Mark Twain,2001,https://boxd.it/4eSe
2025-06-13,Shadow of the Colossus,,https://boxd.it/SmbW
2025-06-13,3:10 to Yuma,2007,https://boxd.it/23g0
2025-06-13,Letters from Iwo Jima,2006,https://boxd.it/290C
2025-06-13,Memoirs of a Geisha,2005,https://boxd.it/27TA
2025-06-13,Annie Hall,1977,https://boxd.it/29M2
2025-06-15,Primer,2004,https://boxd.it/6YA
2025-06-17,Guardians of the Galaxy Vol. 3,2023,https://boxd.it/fVNI
2025-06-17,Guardians of the Galaxy Vol. 2,2017,https://boxd.it/8MxC
2025-06-17,Spider-Man: Far From Home,2019,https://boxd.it/fegG
2025-06-17,Jarhead,2005,https://boxd.it/70m
2025-06-17,End of Watch,2012,https://boxd.it/2F5O
2025-06-17,Wildlife,2018,https://boxd.it/eKYe
2025-06-17,Too Old to Die Young,2019,https://boxd.it/mwtW
2025-06-17,Koyaanisqatsi,1982,https://boxd.it/1U9E
2025-06-17,Winter Light,1963,https://boxd.it/1nrU
2025-06-17,Paranoia Agent,2004,https://boxd.it/lPy0
2025-06-17,First Reformed,2017,https://boxd.it/go9C
2025-06-17,RoboCop,1987,https://boxd.it/22Wu
2025-06-18,Lost in Starlight,2025,https://boxd.it/I6Yo
2025-06-19,Gods in Shackles,2016,https://boxd.it/huW8
2025-06-19,The Age of Innocence,1993,https://boxd.it/1WgM
2025-06-20,Moana,2016,https://boxd.it/8tfY
2025-06-21,Saffron Kingdom,2025,https://boxd.it/U7v2
2025-06-21,28 Years Later: The Bone Temple,2026,https://boxd.it/MwlA
2025-06-21,28 Years Later Part 3,,https://boxd.it/MvzG
2025-06-22,Still Walking,2008,https://boxd.it/1wvm
2025-06-22,Our Little Sister,2015,https://boxd.it/abBm
2025-06-22,A Summer's Tale,1996,https://boxd.it/183e
2025-06-22,Before Sunset,2004,https://boxd.it/2bcg
2025-06-22,Carol,2015,https://boxd.it/7DPK
2025-06-22,The Queen's Gambit,2020,https://boxd.it/s1Ym
2025-06-22,Life of Pi,2012,https://boxd.it/37pC
2025-06-22,Dallas Buyers Club,2013,https://boxd.it/4O8G
2025-06-27,The Ox-Bow Incident,1943,https://boxd.it/29ai
2025-06-27,Monsters University,2013,https://boxd.it/bQm
2025-06-29,Watership Down,1978,https://boxd.it/1SYg
2025-06-29,Panic Room,2002,https://boxd.it/2490
2025-06-29,The Game,1997,https://boxd.it/26vC
2025-06-29,Mank,2020,https://boxd.it/mIuC
2025-07-02,A Separation,2011,https://boxd.it/gvo
2025-07-02,Fatal Attraction,1987,https://boxd.it/1UTC
2025-07-07,After Life,1998,https://boxd.it/1HMI
2025-07-07,"Like Father, Like Son",2013,https://boxd.it/5rQs
2025-07-08,Take Shelter,2011,https://boxd.it/DQ
2025-07-08,Che: Part One,2008,https://boxd.it/1ZGe
2025-07-08,Che: Part Two,2008,https://boxd.it/1ZGo
2025-07-08,"sex, lies, and videotape",1989,https://boxd.it/28Oc
2025-07-08,King of the Hill,1993,https://boxd.it/1evo
2025-07-08,"Sorry, Baby",2025,https://boxd.it/JKNi
2025-07-17,The Day of the Jackal,1973,https://boxd.it/23GM
2025-07-17,A Man for All Seasons,1966,https://boxd.it/29oE
2025-07-17,Act of Violence,1949,https://boxd.it/1gv6
2025-07-17,The Last Waltz,1978,https://boxd.it/1P1U
2025-07-17,George Harrison: Living in the Material World,2011,https://boxd.it/RWdM
2025-07-17,Silence,2016,https://boxd.it/2cAo
2025-07-17,The Last Temptation of Christ,1988,https://boxd.it/1ULe
2025-07-17,Pretend It's a City,2021,https://boxd.it/tlWs
2025-07-17,Maborosi,1995,https://boxd.it/1G9U
2025-07-17,Emperor of the North,1973,https://boxd.it/1i42
2025-07-17,Karnan,2021,https://boxd.it/pnSa
2025-07-17,"They Shoot Horses, Don't They?",1969,https://boxd.it/1q9u
2025-07-17,Unforgiven,1992,https://boxd.it/6Z4
2025-07-17,The Bridges of Madison County,1995,https://boxd.it/29Os
2025-07-17,A Perfect World,1993,https://boxd.it/1Yng
2025-07-17,The Outlaw Josey Wales,1976,https://boxd.it/1VuS
2025-07-17,High Plains Drifter,1973,https://boxd.it/1SOK
2025-07-17,The Amazing Spider-Man,2012,https://boxd.it/27PI
2025-07-17,Still Alice,2014,https://boxd.it/8Nhq
2025-07-17,Wild at Heart,1990,https://boxd.it/2aii
2025-07-17,Rumble Fish,1983,https://boxd.it/2aOI
2025-07-17,Bringing Out the Dead,1999,https://boxd.it/1ZZK
2025-07-17,Birdy,1984,https://boxd.it/1Ucy
2025-07-17,How to Make Millions Before Grandma Dies,2024,https://boxd.it/FLa4
2025-07-17,Poetry,2010,https://boxd.it/JAs
2025-07-17,Puella Magi Madoka Magica the Movie Part III: Rebellion,2013,https://boxd.it/6kx6
2025-07-20,Rogue One: A Star Wars Story,2016,https://boxd.it/aPvy
2025-07-21,Cloud,2024,https://boxd.it/LhR0
2025-07-21,Summer Wars,2009,https://boxd.it/1oDC
2025-07-24,Ne Zha,2019,https://boxd.it/mKSm
2025-07-24,Ne Zha 2,2025,https://boxd.it/B2qe
2025-07-25,Teenage Mutant Ninja Turtles: Mutant Mayhem,2023,https://boxd.it/mK0a
2025-07-25,Smoking Causes Coughing,2022,https://boxd.it/wVl4
2025-07-25,Logan,2017,https://boxd.it/7Piy
2025-07-25,Spider-Man: No Way Home,2021,https://boxd.it/nwRw
2025-07-25,Incredibles 2,2018,https://boxd.it/7IPg
2025-07-25,Spider-Man: Homecoming,2017,https://boxd.it/aboM
2025-07-26,The Fabulous Baron Munchausen,1962,https://boxd.it/ZV2
2025-07-26,The Fabulous World of Jules Verne,1958,https://boxd.it/1Ezw
2025-07-26,Journey to the Beginning of Time,1955,https://boxd.it/1ZQo
2025-07-26,Twin Peaks: Fire Walk with Me,1992,https://boxd.it/27Qw
2025-07-26,Twelve Monkeys,1995,https://boxd.it/2beQ
2025-07-29,A Touch of Zen,1970,https://boxd.it/SFm
2025-07-29,Until the End of the World,1991,https://boxd.it/1WuY
2025-07-29,War and Peace,1965,https://boxd.it/1nRy
2025-07-29,Another Earth,2011,https://boxd.it/rRA
2025-07-29,The Fifth Seal,1976,https://boxd.it/2GNW
2025-07-29,The Emigrants,1971,https://boxd.it/114u
2025-07-29,Manon of the Spring,1986,https://boxd.it/24gA
2025-07-30,On Becoming a Guinea Fowl,2024,https://boxd.it/EXzS
2025-07-30,Doctor Sleep,2019,https://boxd.it/i5vI
2025-07-31,Steve Jobs,2015,https://boxd.it/araG
2025-08-08,Only the Brave,2017,https://boxd.it/dRqw
2025-08-08,If I Had Legs I'd Kick You,2025,https://boxd.it/HUtS
2025-08-12,Platoon,1986,https://boxd.it/29BS
2025-08-13,Ralph Breaks the Internet,2018,https://boxd.it/edAy
2025-08-13,Frozen,2013,https://boxd.it/3GNa
2025-08-13,The Monster Club,1981,https://boxd.it/13nI
2025-08-13,Rental Family,2025,https://boxd.it/JQOw
2025-08-13,The Odyssey,2026,https://boxd.it/QFQU
2025-08-13,Sin City,2005,https://boxd.it/2aVk
2025-08-13,From Dusk Till Dawn,1996,https://boxd.it/29HQ
2025-08-13,The Toxic Avenger,1984,https://boxd.it/1MAi
2025-08-13,The Toxic Avenger,2023,https://boxd.it/bgbq
2025-08-13,Project Hail Mary,2026,https://boxd.it/pEeQ
2025-08-13,V for Vendetta,2005,https://boxd.it/29Ik
2025-08-13,The Man from Earth,2007,https://boxd.it/1Ql2
2025-08-13,A Simple Plan,1998,https://boxd.it/1WMo
2025-08-13,The Evil Dead,1981,https://boxd.it/29Go
2025-08-13,Evil Dead II,1987,https://boxd.it/29Ge
2025-08-13,Army of Darkness,1992,https://boxd.it/29G4
2025-08-13,Dead Man's Shoes,2004,https://boxd.it/1R6C
2025-08-13,The City of Lost Children,1995,https://boxd.it/29k8
2025-08-13,"Lock, Stock and Two Smoking Barrels",1998,https://boxd.it/2b92
2025-08-13,The Gentlemen,2019,https://boxd.it/iYBQ
2025-08-13,Delicatessen,1991,https://boxd.it/29lK
2025-08-13,The Wind That Shakes the Barley,2006,https://boxd.it/293Q
2025-08-13,Frailty,2001,https://boxd.it/1Sqe
2025-08-13,Close Encounters of the Third Kind,1977,https://boxd.it/29u8
2025-08-13,Barton Fink,1991,https://boxd.it/2aFQ
2025-08-13,Miller's Crossing,1990,https://boxd.it/2avG
2025-08-13,The Man Who Wasn't There,2001,https://boxd.it/1Vqc
2025-08-13,The Hudsucker Proxy,1994,https://boxd.it/1SJA
2025-08-13,Tropic Thunder,2008,https://boxd.it/20WM
2025-08-14,The Conjuring,2013,https://boxd.it/4sr2
2025-08-14,The Conjuring 2,2016,https://boxd.it/7GJg
2025-08-14,Boogie Nights,1997,https://boxd.it/23um
2025-08-14,The Babadook,2014,https://boxd.it/77xu
2025-08-14,On Your Mark,1995,https://boxd.it/1Vgm
2025-08-14,The Day I Bought a Star,2006,https://boxd.it/6Bky
2025-08-14,Sherlock Hound,1984,https://boxd.it/sfKy
2025-08-14,Boro the Caterpillar,2018,https://boxd.it/ipeW
2025-08-14,Pom Poko,1994,https://boxd.it/1Mvi
2025-08-14,My Neighbors the Yamadas,1999,https://boxd.it/1KC2
2025-08-14,Meshes of the Afternoon,1943,https://boxd.it/1sEE
2025-08-14,The New World,2005,https://boxd.it/1TVW
2025-08-14,Hiroshima Mon Amour,1959,https://boxd.it/22WY
2025-08-14,Funeral Parade of Roses,1969,https://boxd.it/28Cg
2025-08-14,"Oh, Sun",1970,https://boxd.it/5TR4
2025-08-14,Chimes at Midnight,1965,https://boxd.it/299k
2025-08-14,The 36th Chamber of Shaolin,1978,https://boxd.it/1SXC
2025-08-14,Yeelen,1987,https://boxd.it/2rg4
2025-08-14,Dekalog,1989,https://boxd.it/bv4u
2025-08-14,Entranced Earth,1967,https://boxd.it/qkU
2025-08-14,Performance,1970,https://boxd.it/1txE
2025-08-14,The Man Who Shot Liberty Valance,1962,https://boxd.it/1Tdg
2025-08-14,Nashville,1975,https://boxd.it/25GE
2025-08-14,Hunger,2008,https://boxd.it/1Wso
2025-08-16,The Last Wave,1977,https://boxd.it/2oOM
2025-08-16,The Master,2012,https://boxd.it/2cBG
2025-08-16,Anima,2019,https://boxd.it/mxuc
2025-08-16,Junun,2015,https://boxd.it/c0fo
2025-08-17,Batman,1989,https://boxd.it/2aIU
2025-08-17,American Fiction,2023,https://boxd.it/DYHm
2025-08-17,Boiling Point,2021,https://boxd.it/uo2u
2025-08-17,Happening,2021,https://boxd.it/tRts
2025-08-17,About Dry Grasses,2023,https://boxd.it/oNbO
2025-08-17,The Promised Land,2023,https://boxd.it/B1hA
2025-08-17,Fallen Leaves,2023,https://boxd.it/Bgew
2025-08-17,The Taste of Things,2023,https://boxd.it/Arke
2025-08-17,Ghostlight,2024,https://boxd.it/K5c8
2025-08-17,His Three Daughters,2023,https://boxd.it/HGx2
2025-08-17,Humanist Vampire Seeking Consenting Suicidal Person,2023,https://boxd.it/Blzk
2025-08-17,The Outrun,2024,https://boxd.it/txPo
2025-08-17,Mass,2021,https://boxd.it/eYAA
2025-08-17,Selma,2014,https://boxd.it/8jak
2025-08-18,The Adventures of Cliff Booth,,https://boxd.it/TZdY
2025-08-18,The Adventures of Tintin,2011,https://boxd.it/1Irc
2025-08-18,Jackie Brown,1997,https://boxd.it/2aVO
2025-08-19,Grindhouse,2007,https://boxd.it/8RwY
2025-08-19,Picnic at Hanging Rock,1975,https://boxd.it/1UQe
2025-08-19,KPop Demon Hunters,2025,https://boxd.it/ufwK
2025-08-19,Gone Baby Gone,2007,https://boxd.it/23R6
2025-08-19,The Sea Beast,2022,https://boxd.it/kv3a
2025-08-19,Nimona,2023,https://boxd.it/Aiyc
2025-08-19,The Ugly Stepsister,2025,https://boxd.it/MZBM
2025-08-21,Cloudy with a Chance of Meatballs,2009,https://boxd.it/1A40
2025-08-21,Star Wars: The Last Jedi,2017,https://boxd.it/5xme
2025-08-21,F for Fake,1973,https://boxd.it/VxA
2025-08-22,Star Wars: The Force Awakens,2015,https://boxd.it/4vru
2025-08-22,Star Wars: Clone Wars,2003,https://boxd.it/SUlc
2025-08-22,Shin Godzilla,2016,https://boxd.it/a9lm
2025-08-22,Cloverfield,2008,https://boxd.it/2192
2025-08-22,C'mon C'mon,2021,https://boxd.it/nrI0
2025-08-22,The Iron Claw,2023,https://boxd.it/w5Pm
2025-08-22,Minari,2020,https://boxd.it/mL9M
2025-08-22,The Last Black Man in San Francisco,2019,https://boxd.it/iWAw
2025-08-22,20th Century Women,2016,https://boxd.it/bqU6
2025-08-22,Boys State,2020,https://boxd.it/oiNW
2025-08-22,Waves,2019,https://boxd.it/jpmy
2025-08-22,Supersonic,2016,https://boxd.it/eyzG
2025-08-22,First Cow,2019,https://boxd.it/krga
2025-08-22,The Souvenir: Part II,2021,https://boxd.it/gXTK
2025-08-22,Problemista,2023,https://boxd.it/waGO
2025-08-22,The Zone of Interest,2023,https://boxd.it/gJsA
2025-08-22,mid90s,2018,https://boxd.it/fxIa
2025-08-22,Climax,2018,https://boxd.it/ikvo
2025-08-22,The Lobster,2015,https://boxd.it/7tnw
2025-08-22,Darkest Hour,2017,https://boxd.it/dZZa
2025-08-22,Spectre,2015,https://boxd.it/6bXY
2025-08-22,Goldfinger,1964,https://boxd.it/29SY
2025-08-22,GoldenEye,1995,https://boxd.it/29KU
2025-08-22,The Hobbit: The Desolation of Smaug,2013,https://boxd.it/nmS
2025-08-22,The Hobbit: The Battle of the Five Armies,2014,https://boxd.it/43aU
2025-08-22,The Grapes of Wrath,1940,https://boxd.it/2a2u
2025-08-24,X-Men: Days of Future Past,2014,https://boxd.it/4aRw
2025-08-24,All About Lily Chou-Chou,2001,https://boxd.it/1JP0
2025-08-24,Kwaidan,1964,https://boxd.it/1kbY
2025-08-24,Demons,1971,https://boxd.it/3yiy
2025-08-24,What Ever Happened to Baby Jane?,1962,https://boxd.it/1WJE
2025-08-24,Faust,1926,https://boxd.it/1Vxi
2025-08-24,The Innocents,1961,https://boxd.it/1KeY
2025-08-24,What We Do in the Shadows,2014,https://boxd.it/7eQy
2025-08-24,The Phantom Carriage,1921,https://boxd.it/l4s
2025-08-24,The Cabinet of Dr. Caligari,1920,https://boxd.it/2aOo
2025-08-24,One Cut of the Dead,2017,https://boxd.it/iAFu
2025-08-24,Possession,1981,https://boxd.it/1BPm
2025-08-24,Kuroneko,1968,https://boxd.it/12mE
2025-08-24,I Saw the Devil,2010,https://boxd.it/FaK
2025-08-24,Misery,1990,https://boxd.it/28gY
2025-08-24,The Hourglass Sanatorium,1973,https://boxd.it/OUW
2025-08-24,Hour of the Wolf,1968,https://boxd.it/1H9G
2025-08-24,Manichitrathazhu,1993,https://boxd.it/2Yeg
2025-08-24,Vicky Cristina Barcelona,2008,https://boxd.it/23rW
2025-08-24,The Trial of the Chicago 7,2020,https://boxd.it/kn3w
2025-08-24,Creed,2015,https://boxd.it/a2qk
2025-08-24,Creed II,2018,https://boxd.it/hgl8
2025-08-24,Creed III,2023,https://boxd.it/pf68
2025-08-24,20th Century Girl,2022,https://boxd.it/w9ea
2025-08-24,I Want to Eat Your Pancreas,2018,https://boxd.it/ie6C
2025-08-28,The Voice of Hind Rajab,2025,https://boxd.it/UXdO
2025-08-28,2000 Meters to Andriivka,2025,https://boxd.it/RSH4
2025-08-28,Promised Sky,2025,https://boxd.it/KfHg
2025-08-28,Four Daughters,2023,https://boxd.it/ErTw
2025-08-28,Finding Dory,2016,https://boxd.it/4aAA
2025-08-28,Cars,2006,https://boxd.it/29ho
2025-08-28,Coco 2,,https://boxd.it/TKuA
2025-08-28,Rust and Bone,2012,https://boxd.it/3mDE
2025-08-28,The Beat That My Heart Skipped,2005,https://boxd.it/28CK
2025-08-28,Read My Lips,2001,https://boxd.it/21Xw
2025-08-28,Caroline,2018,https://boxd.it/ie4Q
2025-08-28,Olive Kitteridge,2014,https://boxd.it/91Yy
2025-08-28,Coffee and Cigarettes,2003,https://boxd.it/29nc
2025-08-28,October Sky,1999,https://boxd.it/1Q7u
2025-08-28,Split,2016,https://boxd.it/dgSy
2025-08-28,Glass,2019,https://boxd.it/g3uO
2025-08-28,Remain,2027,https://boxd.it/SKze
2025-08-28,Signs,2002,https://boxd.it/26t2
2025-08-28,Prometheus,2012,https://boxd.it/2s9e
2025-08-28,Black Hawk Down,2001,https://boxd.it/29rI
2025-08-28,Calle Malaga,2025,https://boxd.it/RPZ0
2025-08-28,Hamnet,2025,https://boxd.it/woVy
2025-08-28,Palestine 36,2025,https://boxd.it/T09w
2025-08-28,By the Stream,2024,https://boxd.it/Obv4
2025-08-28,Boys Go to Jupiter,2024,https://boxd.it/KVrO
2025-08-28,The Girls Are Alright,2023,https://boxd.it/BTbQ
2025-08-28,"Sudan, Remember Us",2024,https://boxd.it/Okvi
2025-08-28,Margaret,2011,https://boxd.it/2kbm
2025-08-28,You Can Count on Me,2000,https://boxd.it/1Omi
2025-08-28,Wheel of Fortune and Fantasy,2021,https://boxd.it/tWcm
2025-08-28,Remember the Titans,2000,https://boxd.it/1VLk
2025-08-28,"Synecdoche, New York",2008,https://boxd.it/23zw
2025-08-28,Anomalisa,2015,https://boxd.it/97TE
2025-08-28,Untitled The Batman Sequel,2027,https://boxd.it/umDy
2025-08-28,Innocent Voices,2004,https://boxd.it/1CFC
2025-08-29,The Mummy,1999,https://boxd.it/2a7a
2025-08-30,Marty Supreme,2025,https://boxd.it/Off0
2025-09-02,Zorro,1975,https://boxd.it/1GW8
2025-09-04,Petite Maman,2021,https://boxd.it/s6je
2025-09-04,Under the Silver Lake,2018,https://boxd.it/dSAs
2025-09-04,Ben-Hur,1959,https://boxd.it/29RQ
2025-09-04,Black Panther,2018,https://boxd.it/8MHs
2025-09-04,Fruitvale Station,2013,https://boxd.it/4VRy
2025-09-04,The Man Who Sleeps,1974,https://boxd.it/3xwE
2025-09-04,The Salt of the Earth,2014,https://boxd.it/7Uyc
2025-09-04,Made in Abyss: Dawn of the Deep Soul,2020,https://boxd.it/l4h2
2025-09-04,Made in Abyss,2017,https://boxd.it/pE50
2025-09-04,Youth,2015,https://boxd.it/9Y7S
2025-09-04,21 Grams,2003,https://boxd.it/2ajK
2025-09-04,Coherence,2013,https://boxd.it/6xza
2025-09-05,The Glassworker,2024,https://boxd.it/njzY
2025-09-05,Twinless,2025,https://boxd.it/LkKc
2025-09-13,Highlander,,https://boxd.it/bine
2025-09-13,Dune,1984,https://boxd.it/29tY
2025-09-13,Avengers: Infinity War,2018,https://boxd.it/9vEe
2025-09-13,Avengers: Endgame,2019,https://boxd.it/9vE4
2025-09-13,Gurren Lagann the Movie: The Lights in the Sky Are Stars,2009,https://boxd.it/1zci
2025-09-13,About Elly,2009,https://boxd.it/18Ry
2025-09-13,3 Idiots,2009,https://boxd.it/1Dsa
2025-09-13,Ice Merchants,2022,https://boxd.it/Arx8
2025-09-14,Garth Marenghi's Darkplace,2004,https://boxd.it/pMvA
2025-09-14,My Dearest,2023,https://boxd.it/K7gw
2025-09-14,Falcon Lake,2022,https://boxd.it/zHkW
2025-09-15,Demon Slayer: Kimetsu no Yaiba Infinity Castle,2025,https://boxd.it/O1GQ
2025-09-16,Chainsaw Man – The Movie: Reze Arc,2025,https://boxd.it/Kgyu
2025-09-16,Death Becomes Her,1992,https://boxd.it/1YQi
2025-09-16,Contact,1997,https://boxd.it/29OM
2025-09-18,The Sting,1973,https://boxd.it/1Z5s
2025-09-18,La Classe américaine,1993,https://boxd.it/1KL4
2025-09-18,Butch Cassidy and the Sundance Kid,1969,https://boxd.it/29Vy
2025-09-18,The Basketball Diaries,1995,https://boxd.it/1WaO
2025-09-18,"O Brother, Where Art Thou?",2000,https://boxd.it/2b3I
2025-09-18,Hotel Rwanda,2004,https://boxd.it/2aSA
2025-09-18,Hackers,1995,https://boxd.it/1WhU
2025-09-18,1917,2019,https://boxd.it/jj4y
2025-09-18,Road to Perdition,2002,https://boxd.it/24Lo
2025-09-18,The Sympathizer,2024,https://boxd.it/G4lK
2025-09-18,Battles Without Honor and Humanity,1973,https://boxd.it/1e0q
2025-09-18,North Dallas Forty,1979,https://boxd.it/1mH8
2025-09-19,Fitzcarraldo,1982,https://boxd.it/1YV8
2025-09-19,Lessons of Darkness,1992,https://boxd.it/x7I
2025-09-19,The Fire Within: A Requiem for Katia and Maurice Krafft,2022,https://boxd.it/AUFg
2025-09-19,Grizzly Man,2005,https://boxd.it/2ag2
2025-09-19,Stroszek,1977,https://boxd.it/1Td6
2025-09-19,Land of Silence and Darkness,1971,https://boxd.it/bhG
2025-09-19,Encounters at the End of the World,2007,https://boxd.it/1SmQ
2025-09-19,Little Dieter Needs to Fly,1997,https://boxd.it/lpg
2025-09-19,The Enigma of Kaspar Hauser,1974,https://boxd.it/1Tba
2025-09-20,The Sea,2025,https://boxd.it/W93I
2025-09-21,Linda Linda Linda,2005,https://boxd.it/1s1C
2025-09-21,The Secret Agent,2025,https://boxd.it/KkUE
2025-09-21,Dead Leaves,2004,https://boxd.it/1L54
2025-09-21,Panty & Stocking with Garterbelt,2010,https://boxd.it/pIhu
2025-09-21,The Lost Boys,1987,https://boxd.it/28DI
2025-09-24,Death Stranding,,https://boxd.it/Ebcw
2025-09-24,Kingsman: The Secret Service,2014,https://boxd.it/6dxe
2025-09-24,Stardust,2007,https://boxd.it/272w
2025-09-24,Deadpool,2016,https://boxd.it/9fOC
2025-09-24,This Much I Know to Be True,2022,https://boxd.it/yVwU
2025-09-24,The Assassination of Jesse James by the Coward Robert Ford,2007,https://boxd.it/24dG
2025-09-24,"20,000 Days on Earth",2014,https://boxd.it/7enQ
2025-09-24,Spider-Man: Beyond the Spider-Verse,2027,https://boxd.it/ykgU
2025-09-24,Forgotten,2017,https://boxd.it/hAJE
2025-09-25,Gaza Fights for Freedom,2019,https://boxd.it/mGti
2025-09-25,Wajib,2017,https://boxd.it/gJDe
2025-09-25,A Time to Kill,1996,https://boxd.it/28pc
2025-09-26,A History of Violence,2005,https://boxd.it/2bfa
2025-09-26,Videodrome,1983,https://boxd.it/29uC
2025-09-27,The Social Reckoning,2026,https://boxd.it/MRPQ
2025-09-27,Don't Look Now,1973,https://boxd.it/29fC
2025-09-27,The Intruder,2004,https://boxd.it/LrM
2025-09-27,The Red Balloon,1956,https://boxd.it/1Mxo
2025-09-27,The Silence,1963,https://boxd.it/1TH6
2025-09-27,Saving Face,2004,https://boxd.it/1Fj0
2025-09-27,The Death of Stalin,2017,https://boxd.it/ea9Y
2025-09-27,Come See Me in the Good Light,2025,https://boxd.it/RSFC
2025-09-27,The Golden Spurtle,2025,https://boxd.it/SJuW
2025-09-27,A Poet,2025,https://boxd.it/UkD4
2025-09-27,My Father's Shadow,2025,https://boxd.it/T1a6
2025-09-27,Sentimental Value,2025,https://boxd.it/GwcG
2025-09-29,The White Meadows,2009,https://boxd.it/3nYS
2025-10-04,The Last of the Mohicans,1992,https://boxd.it/1YSo
2025-10-04,In the Name of the Father,1993,https://boxd.it/20I6
2025-10-04,My Left Foot: The Story of Christy Brown,1989,https://boxd.it/1WW4
2025-10-04,Blue Is the Warmest Color,2013,https://boxd.it/4O40
2025-10-04,Olivia & the Clouds,2024,https://boxd.it/Nbjq
2025-10-04,Hayao Miyazaki and the Heron,2024,https://boxd.it/Njam
2025-10-04,Broker,2022,https://boxd.it/rDUU
2025-10-05,Hero,2002,https://boxd.it/2bcq
2025-10-05,A Hero,2021,https://boxd.it/p2zw
2025-10-05,The Spook Who Sat by the Door,1973,https://boxd.it/bxY
2025-10-05,The Piano,1993,https://boxd.it/29Kq
2025-10-05,Floating Weeds,1959,https://boxd.it/LZu
2025-10-05,Chinatown,1974,https://boxd.it/29vU
2025-10-05,The Long Goodbye,1973,https://boxd.it/281O
2025-10-05,A Fistful of Dollars,1964,https://boxd.it/2auo
2025-10-05,A Better Tomorrow,1986,https://boxd.it/1TLW
2025-10-05,For a Few Dollars More,1965,https://boxd.it/29eu
2025-10-05,The Peasants,2023,https://boxd.it/rwWa
2025-10-05,Cave Of Dreams,,https://boxd.it/XXOm
2025-10-06,Exotica,1994,https://boxd.it/1DXW
2025-10-06,The Lego Batman Movie,2017,https://boxd.it/azp0
2025-10-06,If Beale Street Could Talk,2018,https://boxd.it/gGhu
2025-10-06,American Gangster,2007,https://boxd.it/23wi
2025-10-06,Philadelphia,1993,https://boxd.it/1XMk
2025-10-06,Mississippi Masala,1991,https://boxd.it/Ywg
2025-10-06,Glory,1989,https://boxd.it/1Y6u
2025-10-06,Fences,2016,https://boxd.it/dL6A
2025-10-07,Batman Begins,2005,https://boxd.it/2aIg
2025-10-09,David Holmes: The Boy Who Lived,2023,https://boxd.it/JaRI
2025-10-09,The Fog,1980,https://boxd.it/29Cc
2025-10-09,Bottoms,2023,https://boxd.it/uGf2
2025-10-09,TÁR,2022,https://boxd.it/uNIA
2025-10-09,Vagabond,1985,https://boxd.it/T0u
2025-10-09,Swing Girls,2004,https://boxd.it/1ag0
2025-10-09,National Theatre Live: Romeo and Juliet,2021,https://boxd.it/tePY
2025-10-09,Braindead,1992,https://boxd.it/29Gy
2025-10-09,Kisapmata,1981,https://boxd.it/6sRo
2025-10-09,Santa Sangre,1989,https://boxd.it/1FrI
2025-10-09,The Wailing,2016,https://boxd.it/9fLy
2025-10-09,Train to Busan,2016,https://boxd.it/dSQU
2025-10-09,Bride of Frankenstein,1935,https://boxd.it/2aPc
2025-10-09,The Wicker Man,1973,https://boxd.it/1KnG
2025-10-09,Confessions,2010,https://boxd.it/uRS
2025-10-09,Dawn of the Dead,1978,https://boxd.it/29gU
2025-10-09,Night of the Living Dead,1968,https://boxd.it/1WwA
2025-10-09,Shaun of the Dead,2004,https://boxd.it/29J8
2025-10-09,Invasion of the Body Snatchers,1978,https://boxd.it/1SWk
2025-10-09,Midnight Mass,2021,https://boxd.it/wvVA
2025-10-09,The Haunting of Bly Manor,2020,https://boxd.it/rUdS
2025-10-11,High Noon,1952,https://boxd.it/2aGa
2025-10-11,Diabolique,1955,https://boxd.it/29we
2025-10-12,Bacurau,2019,https://boxd.it/fSUG
2025-10-12,Super Deluxe,2019,https://boxd.it/fjRW
2025-10-12,True Romance,1993,https://boxd.it/2aBa
2025-10-12,Ship of Theseus,2012,https://boxd.it/4c5O
2025-10-13,Stagecoach,1939,https://boxd.it/297S
2025-10-13,The Long Gray Line,1955,https://boxd.it/cwC
2025-10-13,To Kill a Mockingbird,1962,https://boxd.it/2a2E
2025-10-13,To Be or Not to Be,1942,https://boxd.it/2aTy
2025-10-13,The Celebration,1998,https://boxd.it/2aCM
2025-10-13,Opening Night,1977,https://boxd.it/1f4e
2025-10-13,Il Sorpasso,1962,https://boxd.it/1y7Q
2025-10-13,Sweet Smell of Success,1957,https://boxd.it/29aW
2025-10-13,The Best Years of Our Lives,1946,https://boxd.it/29my
2025-10-13,The Fall,2006,https://boxd.it/1NoM
2025-10-13,Good Morning,1959,https://boxd.it/2lkk
2025-10-13,Children of Heaven,1997,https://boxd.it/1C5k
2025-10-13,Dogville,2003,https://boxd.it/2a8W
2025-10-13,Day for Night,1973,https://boxd.it/28kG
2025-10-13,Joint Security Area,2000,https://boxd.it/26Ja
2025-10-13,The Shop Around the Corner,1940,https://boxd.it/1DFy
2025-10-13,Who Killed Captain Alex?,2010,https://boxd.it/adJ8
2025-10-13,The Exterminating Angel,1962,https://boxd.it/1nRS
2025-10-13,The Green Ray,1986,https://boxd.it/t8W
2025-10-13,It Happened One Night,1934,https://boxd.it/25Ng
2025-10-13,The Hidden Fortress,1958,https://boxd.it/295M
2025-10-13,Beau Travail,1999,https://boxd.it/1NI8
2025-10-13,Rebecca,1940,https://boxd.it/2aQa
2025-10-13,Out of the Past,1947,https://boxd.it/29PK
2025-10-13,Women on the Verge of a Nervous Breakdown,1988,https://boxd.it/24GI
2025-10-13,Last Year at Marienbad,1961,https://boxd.it/24Qe
2025-10-13,Lady Snowblood,1973,https://boxd.it/26Fi
2025-10-13,Letter Never Sent,1960,https://boxd.it/2W6u
2025-10-13,Being There,1979,https://boxd.it/1WxS
2025-10-13,Sidewalls,2011,https://boxd.it/2EiM
2025-10-13,Hunt for the Wilderpeople,2016,https://boxd.it/cTgG
2025-10-13,The Taking of Pelham One Two Three,1974,https://boxd.it/20lG
2025-10-13,Die Hard,1988,https://boxd.it/2a7u
2025-10-13,Laura,1944,https://boxd.it/27Oq
2025-10-13,Ghost Dog: The Way of the Samurai,1999,https://boxd.it/23Ne
2025-10-13,In the Heat of the Night,1967,https://boxd.it/1VLY
2025-10-13,Gaslight,1944,https://boxd.it/1PYs
2025-10-13,Ordinary People,1980,https://boxd.it/1JTm
2025-10-13,Withnail & I,1987,https://boxd.it/1Qa4
2025-10-13,Holiday,1938,https://boxd.it/1Ks2
2025-10-13,Safe,1995,https://boxd.it/1gKU
2025-10-13,Funny Girl,1968,https://boxd.it/1KR2
2025-10-13,The Pursuit of Happyness,2006,https://boxd.it/28PE
2025-10-13,Fried Green Tomatoes,1991,https://boxd.it/28qY
2025-10-13,Eyes Without a Face,1960,https://boxd.it/1j9i
2025-10-13,Tron,1982,https://boxd.it/2b9w
2025-10-13,Tucker and Dale vs. Evil,2010,https://boxd.it/Mce
2025-10-13,Monty Python's The Meaning of Life,1983,https://boxd.it/249E
2025-10-14,Mississippi Burning,1988,https://boxd.it/28r8
2025-10-14,Pulse,2001,https://boxd.it/1s3y
2025-10-14,Tokyo Sonata,2008,https://boxd.it/1ZxQ
2025-10-14,License to Live,1998,https://boxd.it/IGY
2025-10-15,Memories,1995,https://boxd.it/Vz2
2025-10-17,All the President's Men,1976,https://boxd.it/29lU
2025-10-17,Dark City,1998,https://boxd.it/26uk
2025-10-17,We Need to Talk About Kevin,2011,https://boxd.it/2pTS
2025-10-17,Pariah,2011,https://boxd.it/2wWk
2025-10-17,Sharp Objects,2018,https://boxd.it/j3NM
2025-10-18,Sympathy for Mr. Vengeance,2002,https://boxd.it/23WU
2025-10-18,The Little Drummer Girl,2018,https://boxd.it/kkCS
2025-10-18,Big Shark,2023,https://boxd.it/llbK
2025-10-18,Reds,1981,https://boxd.it/1Hhq
2025-10-18,McCabe & Mrs. Miller,1971,https://boxd.it/1ooC
2025-10-18,Bonnie and Clyde,1967,https://boxd.it/2ajg
2025-10-18,The Girl Who Leapt Through Time,2006,https://boxd.it/1OPa
2025-10-18,The Boy and the Beast,2015,https://boxd.it/aaRe
2025-10-18,The Train,1964,https://boxd.it/25lm
2025-10-18,The Manchurian Candidate,1962,https://boxd.it/299Y
2025-10-18,Hey Arnold! The Jungle Movie,2017,https://boxd.it/fB9y
2025-10-20,Arco,2025,https://boxd.it/uh7C
2025-10-20,The Plague,2025,https://boxd.it/QMbO
2025-10-21,Beasts of No Nation,2015,https://boxd.it/8Lp8
2025-10-21,They Cloned Tyrone,2023,https://boxd.it/rE7a
2025-10-21,The Mitchells vs. the Machines,2021,https://boxd.it/i7xm
2025-10-21,The Meyerowitz Stories (New and Selected),2017,https://boxd.it/dSp0
2025-10-25,Munchausen,2013,https://boxd.it/i7HG
2025-10-25,Unbreakable,2000,https://boxd.it/1XV2
2025-10-29,Predator: Killer of Killers,2025,https://boxd.it/QYvQ
2025-10-29,Eternity,2025,https://boxd.it/LYtK
2025-10-29,Hocus Pocus 2,2022,https://boxd.it/nRog
2025-10-29,Hocus Pocus 3,,https://boxd.it/GXC2
2025-10-29,Galaxy Quest,1999,https://boxd.it/29gq
2025-10-29,Starship Troopers,1997,https://boxd.it/2a7k
2025-10-29,The Dark Crystal,1982,https://boxd.it/1Tm8
2025-10-29,Gremlins 2: The New Batch,1990,https://boxd.it/29g6
2025-10-29,Matinee,1993,https://boxd.it/1vV4
2025-10-29,The Big Blue,1988,https://boxd.it/2aX6
2025-10-30,Only What We Carry,,https://boxd.it/Yvxa
2025-11-01,"Love, Antosha",2019,https://boxd.it/kIjK
2025-11-01,The Lion in Winter,1968,https://boxd.it/1FVe
2025-11-01,The Remains of the Day,1993,https://boxd.it/291A
2025-11-01,Maurice,1987,https://boxd.it/1tZy
2025-11-01,Howards End,1992,https://boxd.it/20nW
2025-11-03,Pride and Prejudice,1995,https://boxd.it/g97G
2025-11-03,Smiley's People,1982,https://boxd.it/4Jqg
2025-11-06,Baahubali: The Eternal War – Part 1,2027,https://boxd.it/Yzgs
2025-11-07,Magellan,2025,https://boxd.it/APTM
2025-11-07,He Who Gets Slapped,1924,https://boxd.it/1rDg
2025-11-09,Watchmen,2019,https://boxd.it/ol5e
2025-11-09,Watchmen: Motion Comic,2008,https://boxd.it/84Dc
2025-11-09,Watchmen: Chapter I,2024,https://boxd.it/HGKK
2025-11-09,Watchmen: Chapter II,2024,https://boxd.it/NAko
2025-11-12,There Are Monsters,2013,https://boxd.it/ao9K
2025-11-14,Man on Fire,2004,https://boxd.it/1Yvk
2025-11-14,Set It Off,1996,https://boxd.it/1YMg
2025-11-15,Crimson Gold,2003,https://boxd.it/11Pg
2025-11-15,My Girl,1991,https://boxd.it/24PK
2025-11-15,Dear Zachary: A Letter to a Son About His Father,2008,https://boxd.it/1LW8
2025-11-15,Oriental Snatch,,https://boxd.it/XPSq
2025-11-15,Throne of Blood,1957,https://boxd.it/251w
2025-11-15,Beauty and the Beast,1946,https://boxd.it/29UA
2025-11-15,Scavengers Reign,2023,https://boxd.it/K7fI
2025-11-15,The Man Who Planted Trees,1987,https://boxd.it/FKS
2025-11-15,The Devils,1971,https://boxd.it/1inI
2025-11-15,Le Cercle Rouge,1970,https://boxd.it/1Tjy
2025-11-15,The Conformist,1970,https://boxd.it/20cE
2025-11-15,The Heiress,1949,https://boxd.it/1pi6
2025-11-15,Il Posto,1961,https://boxd.it/1iqC
2025-11-15,Viridiana,1961,https://boxd.it/24eE
2025-11-15,Paddington 2,2017,https://boxd.it/bCF8
2025-11-15,Blindspotting,2018,https://boxd.it/hDMw
2025-11-15,ONI: Thunder God's Tale,2022,https://boxd.it/Dj5Q
2025-11-15,The Earrings of Madame de...,1953,https://boxd.it/2lom
2025-11-15,Boy,2010,https://boxd.it/13RS
2025-11-15,Crimes and Misdemeanors,1989,https://boxd.it/1Ty4
2025-11-15,The Silence of Others,2018,https://boxd.it/i4Z8
2025-11-15,Before Midnight,2013,https://boxd.it/4ive
2025-11-15,Wild Wild Country,2018,https://boxd.it/j1P2
2025-11-15,The King and the Mockingbird,1980,https://boxd.it/1At0
2025-11-15,Five Came Back,2017,https://boxd.it/AMTO
2025-11-15,To Live and Die in L.A.,1985,https://boxd.it/1XFo
2025-11-15,Sullivan's Travels,1941,https://boxd.it/1Ko0
2025-11-15,Black Narcissus,1947,https://boxd.it/1Kce
2025-11-15,Tomboy,2011,https://boxd.it/49U
2025-11-15,Show Me a Hero,2015,https://boxd.it/blxc
2025-11-15,Master and Commander: The Far Side of the World,2003,https://boxd.it/200S
2025-11-15,Donkey Skin,1970,https://boxd.it/22V2
2025-11-15,The Rider,2017,https://boxd.it/gazw
2025-11-15,Boy & the World,2013,https://boxd.it/6CM4
2025-11-15,Targets,1968,https://boxd.it/1Fbq
2025-11-15,The Executioner,1963,https://boxd.it/24eu
2025-11-15,Street of Crocodiles,1986,https://boxd.it/ifW
2025-11-15,Kaili Blues,2015,https://boxd.it/cksW
2025-11-15,Él,1953,https://boxd.it/UIM
2025-11-15,Shadow of a Doubt,1943,https://boxd.it/1BtA
2025-11-15,Bigger Than Life,1956,https://boxd.it/1uB8
2025-11-15,A New Leaf,1971,https://boxd.it/19FS
2025-11-15,Freaks,1932,https://boxd.it/2b3o
2025-11-15,My Man Godfrey,1936,https://boxd.it/1PTC
2025-11-15,Glengarry Glen Ross,1992,https://boxd.it/1Yw8
2025-11-15,The Skeleton of Mrs. Morales,1960,https://boxd.it/3Vce
2025-11-15,Prayers for the Stolen,2021,https://boxd.it/oZhu
2025-11-15,The Man Who Laughs,1928,https://boxd.it/1rCi
2025-11-15,The Man Who Would Be King,1975,https://boxd.it/299O
2025-11-15,Dial M for Murder,1954,https://boxd.it/2adW
2025-11-15,The Children's Hour,1961,https://boxd.it/1DZI
2025-11-15,Notorious,1946,https://boxd.it/2aDK
2025-11-15,Mildred Pierce,1945,https://boxd.it/25uS
2025-11-15,The Philadelphia Story,1940,https://boxd.it/29a8
2025-11-15,Bringing Up Baby,1938,https://boxd.it/29ks
2025-11-15,Ball of Fire,1941,https://boxd.it/1ms8
2025-11-15,The Big Sleep,1946,https://boxd.it/29iQ
2025-11-15,The Lady Eve,1941,https://boxd.it/25LY
2025-11-15,The Thin Man,1934,https://boxd.it/25gw
2025-11-15,Ninotchka,1939,https://boxd.it/2802
2025-11-15,A Place in the Sun,1951,https://boxd.it/1vlg
2025-11-16,This Is Not a Film,2011,https://boxd.it/2W4o
2025-11-16,Moon,2009,https://boxd.it/1IGQ
2025-11-16,Beasts of the Southern Wild,2012,https://boxd.it/2XPK
2025-11-16,Taxi,2015,https://boxd.it/amS4
2025-11-16,Millennium Mambo,2001,https://boxd.it/1Tzw
2025-11-16,Put Your Soul on Your Hand and Walk,2025,https://boxd.it/UkDe
2025-11-16,Enter the Void,2009,https://boxd.it/1dy2
2025-11-16,Happy Together,1997,https://boxd.it/1Ha0
2025-11-16,2046,2004,https://boxd.it/29tu
2025-11-16,Pain and Glory,2019,https://boxd.it/iOBQ
2025-11-16,Helter Skelter,2012,https://boxd.it/3ybW
2025-11-16,"Life, and Nothing More…",1992,https://boxd.it/2WEc
2025-11-16,Into the Woods,1991,https://boxd.it/1zje
2025-11-16,The Face of Another,1966,https://boxd.it/1nso
2025-11-16,A Moment of Innocence,1996,https://boxd.it/T6W
2025-11-16,The Turin Horse,2011,https://boxd.it/2Qsk
2025-11-16,To Live,1994,https://boxd.it/1j6S
2025-11-16,Kagemusha,1980,https://boxd.it/1SGG
2025-11-16,Joyland,2022,https://boxd.it/AlzM
2025-11-16,Short Term 12,2013,https://boxd.it/5f6s
2025-11-16,Through a Glass Darkly,1961,https://boxd.it/1TrW
2025-11-16,I Am Easy to Find,2019,https://boxd.it/lzSy
2025-11-16,Faces Places,2017,https://boxd.it/g7ck
2025-11-16,A City of Sadness,1989,https://boxd.it/EIm
2025-11-16,Eat Drink Man Woman,1994,https://boxd.it/1Wem
2025-11-16,"Bashu, the Little Stranger",1989,https://boxd.it/T6i
2025-11-16,ERASED,2016,https://boxd.it/px1A
2025-11-16,Street of Shame,1956,https://boxd.it/UWO
2025-11-16,Us and Them,2018,https://boxd.it/ip3a
2025-11-16,Love Letter,1995,https://boxd.it/LMA
2025-11-16,The Recorder Exam,2011,https://boxd.it/kqQc
2025-11-16,The Nightingale's Prayer,1959,https://boxd.it/5PEK
2025-11-16,House of Hummingbird,2018,https://boxd.it/jZ8C
2025-11-16,Gentleman Jack,2019,https://boxd.it/mkc0
2025-11-16,All That Heaven Allows,1955,https://boxd.it/UNi
2025-11-16,The Wild Pear Tree,2018,https://boxd.it/eMtM
2025-11-16,The Watermelon Woman,1996,https://boxd.it/RRc
2025-11-16,Castaway on the Moon,2009,https://boxd.it/1GXU
2025-11-16,Taipei Story,1985,https://boxd.it/3BkC
2025-11-16,The Lunchbox,2013,https://boxd.it/5MOs
2025-11-16,Frances Ha,2012,https://boxd.it/41Xg
2025-11-16,The Cloud-Capped Star,1960,https://boxd.it/ix2
2025-11-16,Pale Flower,1964,https://boxd.it/dGS
2025-11-16,Gett: The Trial of Viviane Amsalem,2014,https://boxd.it/87Lo
2025-11-16,"That Day, on the Beach",1983,https://boxd.it/3Blg
2025-11-16,Window Water Baby Moving,1959,https://boxd.it/3mQo
2025-11-16,The Verdict,1982,https://boxd.it/1y3Y
2025-11-16,Vivre Sa Vie,1962,https://boxd.it/28s6
2025-11-16,Tempestad,2016,https://boxd.it/99Q8
2025-11-16,Ford v Ferrari,2019,https://boxd.it/ce74
2025-11-16,Badlands,1973,https://boxd.it/25Fm
2025-11-16,Daisies,1966,https://boxd.it/LZk
2025-11-16,Anne of Green Gables: The Sequel,1987,https://boxd.it/MEmG
2025-11-16,Running on Empty,1988,https://boxd.it/1How
2025-11-16,Night on Earth,1991,https://boxd.it/2ayq
2025-11-16,Barefoot Gen,1983,https://boxd.it/1OMK
2025-11-16,Little Forest: Summer/Autumn,2014,https://boxd.it/9iNW
2025-11-18,Wildwood,2026,https://boxd.it/tLD2
2025-11-23,"Planes, Trains and Automobiles",1987,https://boxd.it/26zE
2025-11-23,The U.S. and the Holocaust,2022,https://boxd.it/Cyf0
2025-11-23,The War,2007,https://boxd.it/6fxA
2025-11-23,Muhammad Ali,2021,https://boxd.it/xRue
2025-11-23,The National Parks: America's Best Idea,2009,https://boxd.it/sdQ
2025-11-23,Hemingway,2021,https://boxd.it/uzKM
2025-11-23,The Dust Bowl,2012,https://boxd.it/4ANq
2025-11-23,The American Revolution,2025,https://boxd.it/XmGK
2025-11-23,The American Buffalo,2023,https://boxd.it/JfB6
2025-11-23,Dune: Part Three,2026,https://boxd.it/ImWe
2025-11-23,Spider-Man: Brand New Day,2026,https://boxd.it/ACJE
2025-11-23,One Piece Fan Letter,2024,https://boxd.it/R0Eq
2025-11-23,Attack on Titan: Chronicle,2020,https://boxd.it/qJw8
2025-11-23,Fanny and Alexander,1984,https://boxd.it/lXFe
2025-11-23,Nathan for You: Finding Frances,2017,https://boxd.it/hufy
2025-11-23,The Tatami Galaxy,2010,https://boxd.it/oL50
2025-11-23,Scenes from a Marriage,1973,https://boxd.it/rx6u
2025-11-27,Cactus Pears,2025,https://boxd.it/NaeE
2025-11-28,The Legend of Hei,2019,https://boxd.it/mWC6
2025-11-28,Clayface,2026,https://boxd.it/RTVm
2025-11-29,God's Own Country,2017,https://boxd.it/faZM
2025-11-29,Maniac,2018,https://boxd.it/jX9y
2025-11-29,The Legend of Hei 2,2025,https://boxd.it/Hgte
2025-12-01,Minding the Gap,2018,https://boxd.it/hDNu
2025-12-01,Dominion,2018,https://boxd.it/gXqy
2025-12-01,Cunk on Britain,2018,https://boxd.it/qFnc
2025-12-01,My True Brilliant Friend,2018,https://boxd.it/kPdO
2025-12-01,Vada Chennai,2018,https://boxd.it/esfK
2025-12-01,Takopi's Original Sin,2025,https://boxd.it/Wduo
2025-12-01,The Encampments,2025,https://boxd.it/SuEC
2025-12-01,Hal & Harper,2025,https://boxd.it/SQRe
2025-12-01,I Swear,2025,https://boxd.it/Og8k
2025-12-01,The Alabama Solution,2025,https://boxd.it/Slqc
2025-12-01,Pee-wee as Himself,2025,https://boxd.it/TvUy
2025-12-01,My Melody & Kuromi,2025,https://boxd.it/WGJ8
2025-12-01,Sore: A Wife from the Future,2025,https://boxd.it/RjY0
2025-12-01,Little Amélie or the Character of Rain,2025,https://boxd.it/prg0
2025-12-01,Full Metal Jacket,1987,https://boxd.it/2a1Q
2025-12-01,"The Good, the Bad and the Ugly",1966,https://boxd.it/2ape
2025-12-01,Donnie Darko,2001,https://boxd.it/2b2A
2025-12-01,A Clockwork Orange,1971,https://boxd.it/2aVE
2025-12-01,North by Northwest,1959,https://boxd.it/2aRM
2025-12-01,The Lord of the Rings: The Two Towers,2002,https://boxd.it/2b5E
2025-12-01,The Lord of the Rings: The Return of the King,2003,https://boxd.it/2b5u
2025-12-01,City of God,2002,https://boxd.it/2a2a
2025-12-01,Malcolm X,1992,https://boxd.it/27WE
2025-12-01,Fight Club,1999,https://boxd.it/2a9q
2025-12-01,Jeremiah Johnson,1972,https://boxd.it/1SIi
2025-12-01,The Exorcist,1973,https://boxd.it/1Yoo
2025-12-01,Up,2009,https://boxd.it/1OEc
2025-12-01,Willy Wonka & the Chocolate Factory,1971,https://boxd.it/2aLu
2025-12-01,Slumdog Millionaire,2008,https://boxd.it/1S3E
2025-12-01,The Message,1976,https://boxd.it/1t3E
2025-12-01,All Quiet on the Western Front,2022,https://boxd.it/H08
2025-12-01,The Color Purple,1985,https://boxd.it/29oO
2025-12-01,The Fifth Element,1997,https://boxd.it/71k
2025-12-01,Moonrise Kingdom,2012,https://boxd.it/2Wng
2025-12-01,Scarface,1983,https://boxd.it/2b7g
2025-12-01,Boyz n the Hood,1991,https://boxd.it/29Ug
2025-12-01,Forrest Gump,1994,https://boxd.it/728
2025-12-01,The Terminator,1984,https://boxd.it/2aQY
2025-12-01,Stand by Me,1986,https://boxd.it/2aOe
2025-12-01,Edward Scissorhands,1990,https://boxd.it/2aZc
2025-12-01,Harry Potter and the Philosopher's Stone,2001,https://boxd.it/29QS
2025-12-01,E.T. the Extra-Terrestrial,1982,https://boxd.it/2a1G
2025-12-01,Gangs of New York,2002,https://boxd.it/25FG
2025-12-01,True Grit,2010,https://boxd.it/Sog
2025-12-01,Braveheart,1995,https://boxd.it/2aTI
2025-12-01,Battle Royale,2000,https://boxd.it/25zS
2025-12-01,The Nightmare Before Christmas,1993,https://boxd.it/1YzQ
2025-12-01,The Karate Kid,1984,https://boxd.it/27Wk
2025-12-01,Raiders of the Lost Ark,1981,https://boxd.it/2bbs
2025-12-01,Back to the Future,1985,https://boxd.it/2b8e
2025-12-01,Ghostbusters,1984,https://boxd.it/g2w
2025-12-01,Who Framed Roger Rabbit,1988,https://boxd.it/29ry
2025-12-01,Jumanji,1995,https://boxd.it/1ZLI
2025-12-01,Once Upon a Time in Northern Ireland,2023,https://boxd.it/GVjM
2025-12-01,The Curse,2023,https://boxd.it/IWYq
2025-12-01,Riverboom,2023,https://boxd.it/IyIy
2025-12-01,12th Fail,2023,https://boxd.it/I1sM
2025-12-01,Bye Bye Tiberias,2023,https://boxd.it/HLiG
2025-12-01,Pink Floyd: The Wall,1982,https://boxd.it/1Sxk
2025-12-04,Snow Bear,2024,https://boxd.it/KDCa
2025-12-05,Left-Handed Girl,2025,https://boxd.it/BLDW
2025-12-05,Disclosure Day,2026,https://boxd.it/MDJY
2025-12-07,The Midnight Gospel,2020,https://boxd.it/xlUa
2025-12-07,Once Upon a Time in Iraq,2020,https://boxd.it/rqzY
2025-12-07,Heaven Official's Blessing,2020,https://boxd.it/vQIK
2025-12-07,"Quo Vadis, Aida?",2020,https://boxd.it/riws
2025-12-07,Dorohedoro,2020,https://boxd.it/sfCu
2025-12-07,Violet Evergarden: The Movie,2020,https://boxd.it/jpFg
2025-12-07,Mangrove,2020,https://boxd.it/qEAa
2025-12-07,Pretend That You Love Me,2020,https://boxd.it/qJ9S
2025-12-07,Beanpole,2019,https://boxd.it/iK9S
2025-12-07,Corpus Christi,2019,https://boxd.it/gULy
2025-12-07,The Wages of Fear,1953,https://boxd.it/2aSK
2025-12-07,Untitled Daniels Event Film,2027,https://boxd.it/LFse
2025-12-07,Get Out,2017,https://boxd.it/eOCm
2025-12-08,Oldboy,2003,https://boxd.it/29R2
2025-12-10,Made in Hong Kong,1997,https://boxd.it/1uFk
2025-12-10,Underground,1995,https://boxd.it/1SOA
2025-12-10,The Lovers on the Bridge,1991,https://boxd.it/26li
2025-12-10,La Strada,1954,https://boxd.it/2asi
2025-12-10,The Straight Story,1999,https://boxd.it/2ass
2025-12-10,"Rome, Open City",1945,https://boxd.it/2aD6
2025-12-10,A Hidden Life,2019,https://boxd.it/eb1Q
2025-12-10,Wake in Fright,1971,https://boxd.it/1tWk
2025-12-10,Stalag 17,1953,https://boxd.it/29Xa
2025-12-10,Mother and Son,1997,https://boxd.it/S96
2025-12-10,Sexy Beast,2000,https://boxd.it/1SZS
2025-12-10,Vortex,2021,https://boxd.it/uoni
2025-12-10,Concerning Violence,2014,https://boxd.it/7luu
2025-12-10,To Sleep with Anger,1990,https://boxd.it/3iqG
2025-12-10,To Have and Have Not,1944,https://boxd.it/1Am4
2025-12-10,Manhunter,1986,https://boxd.it/1TOw
2025-12-10,Gentlemen Prefer Blondes,1953,https://boxd.it/29Hc
2025-12-10,Barry Lyndon,1975,https://boxd.it/25A2
2025-12-10,Once Upon a Time in the West,1968,https://boxd.it/2az4
2025-12-10,One Flew Over the Cuckoo's Nest,1975,https://boxd.it/2aeA
2025-12-10,The Iron Giant,1999,https://boxd.it/1Wow
2025-12-10,Akira,1988,https://boxd.it/2b1i
2025-12-10,The Green Mile,1999,https://boxd.it/2agG
2025-12-10,Anatomy of a Murder,1959,https://boxd.it/2baa
2025-12-10,Ratatouille,2007,https://boxd.it/27ww
2025-12-10,Casino,1995,https://boxd.it/2ads
2025-12-10,Blade Runner,1982,https://boxd.it/2bcA
2025-12-10,Paprika,2006,https://boxd.it/23wW
2025-12-10,Rocky,1976,https://boxd.it/28Uk
2025-12-10,Gone Girl,2014,https://boxd.it/6hQu
2025-12-10,"Crouching Tiger, Hidden Dragon",2000,https://boxd.it/2b1M
2025-12-10,"Monsters, Inc.",2001,https://boxd.it/2a46
2025-12-10,The Incredibles,2004,https://boxd.it/1XLm
2025-12-10,Carlito's Way,1993,https://boxd.it/226e
2025-12-10,A Few Good Men,1992,https://boxd.it/29nw
2025-12-10,Marriage Story,2019,https://boxd.it/hJAw
2025-12-10,Planet of the Apes,1968,https://boxd.it/29p8
2025-12-10,Sicario,2015,https://boxd.it/8i7u
2025-12-10,Brainstorm,2000,https://boxd.it/vlo
2025-12-10,The Postman,1994,https://boxd.it/1URG
2025-12-10,Pirates of the Caribbean: The Curse of the Black Pearl,2003,https://boxd.it/70G
2025-12-10,Decision to Leave,2022,https://boxd.it/qp9e
2025-12-10,Training Day,2001,https://boxd.it/27A4
2025-12-10,Elite Squad,2007,https://boxd.it/20YI
2025-12-10,The Chorus,2004,https://boxd.it/22X8
2025-12-10,Casino Royale,2006,https://boxd.it/1alk
2025-12-10,But I'm a Cheerleader,1999,https://boxd.it/1CW4
2025-12-10,Kirikou and the Sorceress,1998,https://boxd.it/1C3y
2025-12-10,Bound by Honor,1993,https://boxd.it/1Y0Q
2025-12-10,An Unmarried Woman,1978,https://boxd.it/15kG
2025-12-10,Make Way for Tomorrow,1937,https://boxd.it/10hC
2025-12-10,Harry Potter and the Prisoner of Azkaban,2004,https://boxd.it/29Qy
2025-12-10,Judgment at Nuremberg,1961,https://boxd.it/29xc
2025-12-10,A Special Day,1977,https://boxd.it/Xqc
2025-12-10,The Great Dictator,1940,https://boxd.it/29ic
2025-12-10,Rocco and His Brothers,1960,https://boxd.it/20bG
2025-12-10,Werckmeister Harmonies,2000,https://boxd.it/1zzw
2025-12-10,La Notte,1961,https://boxd.it/10iU
2025-12-10,Samurai Rebellion,1967,https://boxd.it/2loc
2025-12-10,Dersu Uzala,1975,https://boxd.it/1XRO
2025-12-10,Ace in the Hole,1951,https://boxd.it/1vXk
2025-12-10,We All Loved Each Other So Much,1974,https://boxd.it/XjK
2025-12-10,Fail Safe,1964,https://boxd.it/2afS
2025-12-10,Ritual,2000,https://boxd.it/14z6
2025-12-10,Aparajito,1956,https://boxd.it/29kW
2025-12-10,Umberto D.,1952,https://boxd.it/29vg
2025-12-10,Kes,1969,https://boxd.it/1Qi8
2025-12-10,The Disappearance of Haruhi Suzumiya,2010,https://boxd.it/19Ds
2025-12-10,Napoleon,1927,https://boxd.it/WEC
2025-12-10,Nayakan,1987,https://boxd.it/1meA
2025-12-10,Belle de Jour,1967,https://boxd.it/29Uq
2025-12-10,Souleymane's Story,2024,https://boxd.it/HQVy
2025-12-10,Blue Heron,2025,https://boxd.it/IWJq
2025-12-10,Remake,2025,https://boxd.it/OLsg
2025-12-10,Awakenings,1990,https://boxd.it/1USu
2025-12-10,Menace II Society,1993,https://boxd.it/1Yuc
2025-12-11,Gremlins 3,2027,https://boxd.it/SFSA
2025-12-14,Haikyu!! The Movie: Talent and Sense,2017,https://boxd.it/gvOM
2025-12-14,The Show About the Show,2017,https://boxd.it/fVcM
2025-12-14,I Dream in Another Language,2017,https://boxd.it/bZ5M
2025-12-14,Eternity,2017,https://boxd.it/ivDo
2025-12-15,There's Still Tomorrow,2023,https://boxd.it/COrw
2025-12-16,Klara and the Sun,,https://boxd.it/woXa
2025-12-17,A Star Is Born,1954,https://boxd.it/25I6
2025-12-17,It's a Wonderful Life,1946,https://boxd.it/28xA
2025-12-18,This Is Spinal Tap,1984,https://boxd.it/1UOs
2025-12-19,Ghost in the Shell 2: Innocence,2004,https://boxd.it/1SrG
2025-12-20,Babylon,2022,https://boxd.it/mM02
2025-12-20,First Man,2018,https://boxd.it/cPym
2025-12-22,Generation Kill,2008,https://boxd.it/2jmI
2025-12-22,Before the Devil Knows You're Dead,2007,https://boxd.it/20Jy
2025-12-23,Riders of Justice,2020,https://boxd.it/oHQc
2025-12-23,Spaceballs 2,,https://boxd.it/NQzu
2025-12-25,Lethal Weapon,1987,https://boxd.it/29e0
2025-12-26,The Muppet Christmas Carol,1992,https://boxd.it/1WgC
2025-12-28,Riki-Oh: The Story of Ricky,1991,https://boxd.it/1IDs
2025-12-28,Kamikaze Girls,2004,https://boxd.it/1ucC
2025-12-28,Forgotten Island,2026,https://boxd.it/Uitc
2025-12-28,Dragon Ball Super: Broly,2018,https://boxd.it/iaWE
2025-12-28,The Plague Dogs,1982,https://boxd.it/1m38
2025-12-28,Berserk: The Golden Age Arc I – The Egg of the King,2012,https://boxd.it/3MLO
2025-12-28,Berserk: The Golden Age Arc III – The Advent,2013,https://boxd.it/4Bb8
2025-12-28,Berserk: The Golden Age Arc II – The Battle for Doldrey,2012,https://boxd.it/3VWm
2025-12-28,"Duck, You Sucker",1971,https://boxd.it/2ayU
2025-12-28,Asura,2025,https://boxd.it/Svfy
2025-12-29,Indiana Jones and the Temple of Doom,1984,https://boxd.it/2bb8
2025-12-29,Indiana Jones and the Last Crusade,1989,https://boxd.it/2baO
2025-12-30,In a Better World,2010,https://boxd.it/RgA
2025-12-30,Departures,2008,https://boxd.it/1JFa
2025-12-30,The Counterfeiters,2007,https://boxd.it/20MM
2025-12-30,WALL·E,2008,https://boxd.it/1VEo
2025-12-30,Toy Story 5,2026,https://boxd.it/F06E
2025-12-31,All Quiet on the Western Front,1930,https://boxd.it/2b2g
2025-12-31,The Village,2004,https://boxd.it/21iS
2025-12-31,Lady in the Water,2006,https://boxd.it/1Y1E
2025-12-31,No Country for Old Men,2007,https://boxd.it/21ew
2025-12-31,Naked,1993,https://boxd.it/1BT4
2025-12-31,Happy-Go-Lucky,2008,https://boxd.it/1W68
2025-12-31,Life Is Sweet,1990,https://boxd.it/19GQ
2025-12-31,A Sense of History,1992,https://boxd.it/erY
2025-12-31,Another Year,2010,https://boxd.it/T1C
2025-12-31,Vera Drake,2004,https://boxd.it/1UCm
2025-12-31,High Hopes,1988,https://boxd.it/JGg
2025-12-31,All or Nothing,2002,https://boxd.it/1RWS
2025-12-31,Abigail's Party,1977,https://boxd.it/1yx0
2025-12-31,Topsy-Turvy,1999,https://boxd.it/Nbc
2025-12-31,2001: A Space Odyssey,1968,https://boxd.it/2bf0
2025-12-31,Howl's Moving Castle,2004,https://boxd.it/23De
2025-12-31,Mad Max 2,1981,https://boxd.it/1ZPg
2025-12-31,Hardcore,1979,https://boxd.it/XyA
2025-12-31,The Killer,1989,https://boxd.it/1Vha
2025-12-31,Bullet in the Head,1990,https://boxd.it/1SNs
2025-12-31,Lagaan: Once Upon a Time in India,2001,https://boxd.it/1EII
2025-12-31,John Wick: Chapter 4,2023,https://boxd.it/mh48
2025-12-31,The Thief and the Cobbler,1993,https://boxd.it/1tpq
2025-12-31,Spider-Man 2,2004,https://boxd.it/2a88
2025-12-31,Spider-Man,2002,https://boxd.it/2a8i
2025-12-31,Interstellar,2014,https://boxd.it/4VZ8
2025-12-31,The Hunger Games: Sunrise on the Reaping,2026,https://boxd.it/NCIM
2025-12-31,Mother Mary,2026,https://boxd.it/FILw
2025-12-31,Peaky Blinders: The Immortal Man,2026,https://boxd.it/x3yq
2025-12-31,Mysterious Skin,2004,https://boxd.it/1UsG
2025-12-31,Nowhere,1997,https://boxd.it/286E
2025-12-31,Backrooms,2026,https://boxd.it/EY6W
2026-01-02,Attack on Titan: Wings of Freedom,2015,https://boxd.it/aO9G
2026-01-02,Homeland: Iraq Year Zero,2015,https://boxd.it/byFy
2026-01-02,Mushi-Shi: The Next Chapter - Drops of Bells,2015,https://boxd.it/a4jg
2026-01-02,World of Tomorrow,2015,https://boxd.it/9Gr6
2026-01-02,Bitter Lake,2015,https://boxd.it/apwq
2026-01-02,Masaan,2015,https://boxd.it/b6x2
2026-01-02,Visaranai,2015,https://boxd.it/cUXG
2026-01-02,Ivy,2015,https://boxd.it/a3IY
2026-01-02,Land of Mine,2015,https://boxd.it/b5ee
2026-01-02,Premam,2015,https://boxd.it/bod0
2026-01-02,Little Forest: Winter/Spring,2015,https://boxd.it/b5Yc
2026-01-02,Cemetery of Splendor,2015,https://boxd.it/9tIo
2026-01-02,Brooklyn,2015,https://boxd.it/5bdk
2026-01-02,Riddle of Fire,2023,https://boxd.it/GamO
2026-01-02,Nouvelle Vague,2025,https://boxd.it/LLLQ
2026-01-04,The Birdcage,1996,https://boxd.it/1UTi
2026-01-04,The Annihilation of Fish,1999,https://boxd.it/FaU
2026-01-04,Forever a Woman,1955,https://boxd.it/7zvG
2026-01-04,West Indies,1979,https://boxd.it/8bHg
2026-01-04,Manila in the Claws of Light,1975,https://boxd.it/2taM
2026-01-04,From Ground Zero,2024,https://boxd.it/OBP0
2026-01-04,A Face in the Crowd,1957,https://boxd.it/2lyc
2026-01-04,Love Streams,1984,https://boxd.it/zOk
2026-01-04,Pixote,1980,https://boxd.it/XCs
2026-01-04,Cabaret,1972,https://boxd.it/1Vpe
2026-01-04,Phantom Thread,2017,https://boxd.it/e4uc
2026-01-04,Pan's Labyrinth,2006,https://boxd.it/28No
2026-01-04,The Gold Rush,1925,https://boxd.it/29ce
2026-01-04,3 Women,1977,https://boxd.it/YPs
2026-01-04,Searching for Sugar Man,2012,https://boxd.it/2Y3s
2026-01-04,Le Bonheur,1965,https://boxd.it/xyk
2026-01-04,Limelight,1952,https://boxd.it/1osa
2026-01-04,Amarcord,1973,https://boxd.it/20NA
2026-01-04,The Cameraman,1928,https://boxd.it/1jag
2026-01-04,Love & Pop,1998,https://boxd.it/2sv0
2026-01-04,Trouble in Paradise,1932,https://boxd.it/2aU2
2026-01-04,Tropical Malady,2004,https://boxd.it/1TCA
2026-01-04,News from Home,1976,https://boxd.it/34TO
2026-01-04,The Big Heat,1953,https://boxd.it/1NNM
2026-01-04,The Hustler,1961,https://boxd.it/298G
2026-01-04,The Crowd,1928,https://boxd.it/25Q0
2026-01-04,Blue Collar,1978,https://boxd.it/1Nhm
2026-01-04,Letter from an Unknown Woman,1948,https://boxd.it/2wRO
2026-01-04,The Quiet Girl,2022,https://boxd.it/yvgm
2026-01-04,Invisible Life,2019,https://boxd.it/k1JU
2026-01-04,Kneecap,2024,https://boxd.it/ILxI
2026-01-04,Black Girl,1966,https://boxd.it/3jIQ
2026-01-04,Lilo & Stitch,2002,https://boxd.it/1TAY
2026-01-04,The Thin Blue Line,1988,https://boxd.it/1OnK
2026-01-04,JFK,1991,https://boxd.it/29xm
2026-01-04,Mouchette,1967,https://boxd.it/28Bs
2026-01-04,Häxan,1922,https://boxd.it/n4O
2026-01-04,Night and the City,1950,https://boxd.it/1FFg
2026-01-04,The Swimmer,1968,https://boxd.it/1ffG
2026-01-04,Insiang,1976,https://boxd.it/3FMg
2026-01-04,Crossing,2024,https://boxd.it/sLu8
2026-01-04,Peeping Tom,1960,https://boxd.it/1Utk
2026-01-04,Papillon,1973,https://boxd.it/22kK
2026-01-04,Red Desert,1964,https://boxd.it/1ttW
2026-01-04,Young Hearts,2024,https://boxd.it/KOOm
2026-01-04,Bound,1996,https://boxd.it/1Z1g
2026-01-04,"Germany, Year Zero",1948,https://boxd.it/20FG
2026-01-04,The Right Stuff,1983,https://boxd.it/1YoS
2026-01-04,The Set-Up,1949,https://boxd.it/1IYA
2026-01-04,"Distant Voices, Still Lives",1988,https://boxd.it/Yv8
2026-01-04,Shirkers,2018,https://boxd.it/hDOs
2026-01-04,The Player,1992,https://boxd.it/1WlM
2026-01-04,Red River,1948,https://boxd.it/25Lu
2026-01-04,Green Border,2023,https://boxd.it/GqGq
2026-01-04,Argentina 1985,2022,https://boxd.it/qLxM
2026-01-04,Close Your Eyes,2023,https://boxd.it/BGhm
2026-01-04,Great Freedom,2021,https://boxd.it/vwpe
2026-01-04,Lightning,1952,https://boxd.it/47mg
2026-01-04,Chess of the Wind,1976,https://boxd.it/5QRK
2026-01-04,Seven Beauties,1975,https://boxd.it/185a
2026-01-04,Doctor Zhivago,1965,https://boxd.it/29jk
2026-01-04,"Lust, Caution",2007,https://boxd.it/244k
2026-01-04,Tantura,2022,https://boxd.it/ypsG
2026-01-04,"Goodbye, Dragon Inn",2003,https://boxd.it/oFG
2026-01-04,Ethnic Notions,1986,https://boxd.it/4FLO
2026-01-04,Born in Flames,1983,https://boxd.it/19IC
2026-01-04,Emmet Otter's Jug-Band Christmas,1977,https://boxd.it/1CU8
2026-01-04,A Night of Knowing Nothing,2021,https://boxd.it/vBUw
2026-01-04,Scarlet Street,1945,https://boxd.it/1JgE
2026-01-04,Girl with Hyacinths,1950,https://boxd.it/2S32
2026-01-04,The Mirror,1997,https://boxd.it/10Iy
2026-01-04,Happyend,2024,https://boxd.it/rnUa
2026-01-04,The Burden,2017,https://boxd.it/gkhM
2026-01-04,A Trip to the Moon,1902,https://boxd.it/29EC
2026-01-04,Killer of Sheep,1978,https://boxd.it/1rPc
2026-01-04,Twin Peaks: The Missing Pieces,2014,https://boxd.it/8NH4
2026-01-04,The Passenger,1975,https://boxd.it/1Y8q
2026-01-04,The Discreet Charm of the Bourgeoisie,1972,https://boxd.it/2440
2026-01-04,Johnny Guitar,1954,https://boxd.it/1tyW
2026-01-04,Dark Days,2000,https://boxd.it/1Opw
2026-01-04,Hoppers,2026,https://boxd.it/OFpg
2026-01-06,The Machinist,2004,https://boxd.it/248c
2026-01-06,"South Park: Bigger, Longer & Uncut",1999,https://boxd.it/1YAO
2026-01-06,When Marnie Was There,2014,https://boxd.it/78pm
2026-01-06,The Drama,2026,https://boxd.it/OA2w
2026-01-06,Avengers: Doomsday,2026,https://boxd.it/BVqy
2026-01-06,Supergirl,2026,https://boxd.it/ESyU
2026-01-06,Shrek 5,2027,https://boxd.it/eUVu
2026-01-06,Narnia,2026,https://boxd.it/HoaE
2026-01-06,Digger,2026,https://boxd.it/LwDC
2026-01-06,Dracula,,https://boxd.it/tQCo
2026-01-06,Heat 2,,https://boxd.it/DErS
2026-01-06,Incredibles 3,,https://boxd.it/OFoM
2026-01-07,The Death of Robin Hood,2026,https://boxd.it/N08c
2026-01-07,The Loneliness of the Long Distance Runner,1962,https://boxd.it/1KOM
2026-01-07,Macario,1960,https://boxd.it/41Va
2026-01-07,Gintama: The Very Final,2021,https://boxd.it/rsRq
2026-01-07,Death of Yazdgerd,1982,https://boxd.it/7WVM
2026-01-07,The Weeping Meadow,2004,https://boxd.it/177k
2026-01-07,Revue Starlight: The Movie,2021,https://boxd.it/nYyC
2026-01-07,"La Commune (Paris, 1871)",2000,https://boxd.it/9rO
2026-01-07,Edvard Munch,1974,https://boxd.it/E3y
2026-01-07,Eureka,2000,https://boxd.it/16TC
2026-01-07,Devils on the Doorstep,2000,https://boxd.it/1v16
2026-01-07,Kadaisi Vivasayi,2021,https://boxd.it/mGrm
2026-01-07,The Company of Strangers,1990,https://boxd.it/44PO
2026-01-07,Voices Through Time,1996,https://boxd.it/64Lc
2026-01-07,Still Life,1974,https://boxd.it/6mO4
2026-01-07,Two in the Shadow,1967,https://boxd.it/49dU
2026-01-07,Death by Hanging,1968,https://boxd.it/3nPm
2026-01-07,Siberiade,1979,https://boxd.it/2d0c
2026-01-07,Hamlet,1964,https://boxd.it/2rhQ
2026-01-07,Umamusume: Pretty Derby - Beginning of a New Era,2024,https://boxd.it/Krru
2026-01-07,The Runner,1984,https://boxd.it/6nie
2026-01-07,The Meetings of Anna,1978,https://boxd.it/3gEG
2026-01-07,The Rocking Horsemen,1992,https://boxd.it/4evO
2026-01-07,Muddy River,1981,https://boxd.it/47t2
2026-01-07,Monica's Gang in an Adventure in Time,2007,https://boxd.it/C4k
2026-01-07,The New Land,1972,https://boxd.it/WMm
2026-01-07,Happy Hour,2015,https://boxd.it/bXge
2026-01-07,The Big City,1963,https://boxd.it/fI2
2026-01-07,Nirvanna the Band the Show the Movie,2025,https://boxd.it/HG9a
2026-01-07,Yearning,1964,https://boxd.it/3JYg
2026-01-07,The Shop on Main Street,1965,https://boxd.it/1uSI
2026-01-07,Utopia,1983,https://boxd.it/7qEE
2026-01-07,"Rio, Northern Zone",1957,https://boxd.it/4F96
2026-01-07,Barber's Tales,2013,https://boxd.it/6D80
2026-01-07,Virumaandi,2004,https://boxd.it/8tk
2026-01-07,The Life of Oharu,1952,https://boxd.it/UFy
2026-01-07,Marketa Lazarová,1967,https://boxd.it/1uSS
2026-01-07,Anbe Sivam,2003,https://boxd.it/1sU8
2026-01-07,Ulysses' Gaze,1995,https://boxd.it/1ApC
2026-01-07,When a Woman Ascends the Stairs,1960,https://boxd.it/19Ck
2026-01-07,Die Nibelungen: Siegfried,1924,https://boxd.it/1iWS
2026-01-07,Evolution of a Filipino Family,2004,https://boxd.it/56ei
2026-01-07,Pariyerum Perumal,2018,https://boxd.it/gyAy
2026-01-07,Moral,1982,https://boxd.it/7s3g
2026-01-07,Nostos: The Return,1989,https://boxd.it/70sM
2026-01-07,From What Is Before,2014,https://boxd.it/8CHi
2026-01-07,The Naked Island,1960,https://boxd.it/2520
2026-01-07,Kaguya-sama: Love Is War -The First Kiss That Never Ends-,2022,https://boxd.it/BHsq
2026-01-07,Gintama: The Final Chapter - Be Forever Yorozuya,2013,https://boxd.it/7dFY
2026-01-07,Repentance,1984,https://boxd.it/3lRg
2026-01-07,Under the Flag of the Rising Sun,1972,https://boxd.it/ajm
2026-01-07,The Suspended Step of the Stork,1991,https://boxd.it/KKe
2026-01-07,Ballad of a Soldier,1959,https://boxd.it/MPq
2026-01-07,Leila and the Wolves,1984,https://boxd.it/8j4w
2026-01-07,The Burmese Harp,1956,https://boxd.it/1fKa
2026-01-07,Land of Fear,2000,https://boxd.it/3wqg
2026-01-07,Matewan,1987,https://boxd.it/1xXQ
2026-01-07,The Story of the Last Chrysanthemum,1939,https://boxd.it/O1i
2026-01-07,C/o Kancharapalem,2018,https://boxd.it/jSlk
2026-01-07,Dead Man's Letters,1986,https://boxd.it/2wKy
2026-01-07,Moving,1993,https://boxd.it/3RcO
2026-01-07,The Travelling Players,1975,https://boxd.it/29Oi
2026-01-07,Iruvar,1997,https://boxd.it/H2o
2026-01-07,"So Long, My Son",2019,https://boxd.it/hNzi
2026-01-07,Kireedam,1989,https://boxd.it/5LXo
2026-01-07,Castration Movie Anthology i. Traps,2024,https://boxd.it/Lgym
2026-01-07,Date Wine,1998,https://boxd.it/91q2
2026-01-07,Haru,1996,https://boxd.it/7Lo8
2026-01-07,Portrait of a Young Girl at the End of the 60s in Brussels,1994,https://boxd.it/462a
2026-01-07,"Welcome Back, Mr. McDonald",1997,https://boxd.it/3u5q
2026-01-07,A Story from Chikamatsu,1954,https://boxd.it/1bMw
2026-01-07,Pyaasa,1957,https://boxd.it/10iq
2026-01-07,Thalapathi,1991,https://boxd.it/1mDg
2026-01-07,Patlabor 2: The Movie,1993,https://boxd.it/1NP4
2026-01-07,Jacquot de Nantes,1991,https://boxd.it/YwA
2026-01-07,The Eccentrics,1974,https://boxd.it/cT6c
2026-01-07,Roots,1987,https://boxd.it/mJ5S
2026-01-07,Batang West Side,2001,https://boxd.it/6w5o
2026-01-07,"Pretty Village, Pretty Flame",1996,https://boxd.it/1mlw
2026-01-07,Space Runaway Ideon: Be Invoked,1982,https://boxd.it/2eLo
2026-01-07,Kit Kat,1991,https://boxd.it/2czg
2026-01-07,"Blue Mountains, or Unbelievable Story",1983,https://boxd.it/4yLs
2026-01-07,Cosy Dens,1999,https://boxd.it/1MkO
2026-01-07,Revolutionary Girl Utena: The Movie,1999,https://boxd.it/1EBM
2026-01-07,The Brick and the Mirror,1966,https://boxd.it/4IEG
2026-01-07,Twenty-Four Eyes,1954,https://boxd.it/UJA
2026-01-07,The Hero,1966,https://boxd.it/3MJI
2026-01-07,Miracle,1982,https://boxd.it/5XDK
2026-01-07,Extraordinary Stories,2008,https://boxd.it/3JF4
2026-01-07,Late Autumn,1960,https://boxd.it/1Bf4
2026-01-07,Canoa: A Shameful Memory,1976,https://boxd.it/3Thw
2026-01-07,Kanal,1957,https://boxd.it/1mky
2026-01-07,The Twilight Samurai,2002,https://boxd.it/1RRI
2026-01-07,The Time That Remains,2009,https://boxd.it/QP0
2026-01-07,An Autumn Afternoon,1962,https://boxd.it/CUU
2026-01-07,Time of the Gypsies,1988,https://boxd.it/1E1Y
2026-01-07,Pastoral: To Die in the Country,1974,https://boxd.it/3xEI
2026-01-07,Tokyo Twilight,1957,https://boxd.it/sq6
2026-01-07,Cries and Whispers,1972,https://boxd.it/1WK8
2026-01-07,Early Summer,1951,https://boxd.it/E4G
2026-01-07,The Kid,1921,https://boxd.it/1X5U
2026-01-07,The Given Word,1962,https://boxd.it/h6Y
2026-01-07,Winter Sleep,2014,https://boxd.it/7Ua0
2026-01-07,La Belle Noiseuse,1991,https://boxd.it/1RxI
2026-01-07,"Comrades, Almost a Love Story",1996,https://boxd.it/18QU
2026-01-07,Gangs of Wasseypur – Part 2,2012,https://boxd.it/497i
2026-01-07,Céline and Julie Go Boating,1974,https://boxd.it/1sGA
2026-01-07,Kumbalangi Nights,2019,https://boxd.it/l8wA
2026-01-07,Hope,2013,https://boxd.it/7x5Q
2026-01-07,Day of Wrath,1943,https://boxd.it/ZtM
2026-01-07,Alexander the Great,1980,https://boxd.it/3KY2
2026-01-07,Cleaners,2019,https://boxd.it/n6HU
2026-01-07,Aquarius,2016,https://boxd.it/d6YQ
2026-01-07,"São Paulo, Incorporated",1965,https://boxd.it/2BaA
2026-01-07,La Flor,2018,https://boxd.it/eZCs
2026-01-07,Movie Dementia,1986,https://boxd.it/5bH0
2026-01-07,The Street Player,1983,https://boxd.it/7EvQ
2026-01-07,Out 1,1971,https://boxd.it/3i2a
2026-01-07,They Don't Wear Black Tie,1981,https://boxd.it/66nQ
2026-01-07,Safety Last!,1923,https://boxd.it/1AkW
2026-01-07,Terrorizers,1986,https://boxd.it/2IRG
2026-01-07,Carandiru,2003,https://boxd.it/209g
2026-01-07,The Virgin Spring,1960,https://boxd.it/1TjI
2026-01-07,Three Colours: Blue,1993,https://boxd.it/2b7K
2026-01-07,El Sur,1983,https://boxd.it/JbM
2026-01-07,My Night at Maud's,1969,https://boxd.it/Hwo
2026-01-07,Charulata,1964,https://boxd.it/1bVy
2026-01-07,Once Upon a Time in Anatolia,2011,https://boxd.it/2yHG
2026-01-07,"Throw Away Your Books, Rally in the Streets",1971,https://boxd.it/3yio
2026-01-07,Güeros,2014,https://boxd.it/7xYc
2026-01-10,Future Boy Conan,1978,https://boxd.it/pVgk
2026-01-10,Future Boy Conan,1979,https://boxd.it/hX1U
2026-01-10,Back to the Future Part II,1989,https://boxd.it/2aYI
2026-01-15,Omar,2012,https://boxd.it/WPD4
2026-01-15,Cordoba's Spring,2003,https://boxd.it/G9kC
2026-01-15,The Falcon of Quraish,2002,https://boxd.it/G9ks
2026-01-15,Palestinian Alienation,2004,https://boxd.it/Bama
2026-01-15,El Keif,1985,https://boxd.it/60zw
2026-01-15,Gone with No Return,1984,https://boxd.it/aTuO
2026-01-15,Farha,2021,https://boxd.it/wl00
2026-01-15,The Blue Caftan,2022,https://boxd.it/AakQ
2026-01-15,Daresalam,2001,https://boxd.it/3wzi
2026-01-15,The Night of Counting the Years,1969,https://boxd.it/Mxm
2026-01-17,Irma Vep,1996,https://boxd.it/1vYs
2026-01-19,Limite,1931,https://boxd.it/20iW
2026-01-19,The Last Laugh,1924,https://boxd.it/22es
2026-01-19,Walkabout,1971,https://boxd.it/1bsG
2026-01-19,Jules and Jim,1962,https://boxd.it/28rM
2026-01-19,The Gospel According to St. Matthew,1964,https://boxd.it/1y7c
2026-01-19,The Lady Vanishes,1938,https://boxd.it/29ea
2026-01-19,Repulsion,1965,https://boxd.it/1TKu
2026-01-19,The Hypothesis of the Stolen Painting,1978,https://boxd.it/372S
2026-01-19,The Tree of Wooden Clogs,1978,https://boxd.it/1iRI
2026-01-19,The Counterfeit Coin,1955,https://boxd.it/K3a
2026-01-19,The Music Room,1958,https://boxd.it/29x2
2026-01-19,La Terra Trema,1948,https://boxd.it/UsE
2026-01-19,The Temptation of St. Tony,2009,https://boxd.it/Mps
2026-01-19,Fantasia,1940,https://boxd.it/29HG
2026-01-19,The Hunters,1977,https://boxd.it/3Pfc
2026-01-19,Diary of a Country Priest,1951,https://boxd.it/UDC
2026-01-19,The Saragossa Manuscript,1965,https://boxd.it/1ZPA
2026-01-19,The Holy Mountain,1973,https://boxd.it/20mu
2026-01-19,Gone with the Wind,1939,https://boxd.it/29Fq
2026-01-19,This Transient Life,1970,https://boxd.it/3y8S
2026-01-19,Eros + Massacre,1969,https://boxd.it/2HSo
2026-01-19,The Valley of the Bees,1968,https://boxd.it/1uSe
2026-01-19,City of Pirates,1983,https://boxd.it/2cwG
2026-01-19,Sound of the Mountain,1954,https://boxd.it/N3s
2026-01-19,The Red and the White,1967,https://boxd.it/xTM
2026-01-19,Landscape Suicide,1986,https://boxd.it/46To
2026-01-19,Heroic Purgatory,1970,https://boxd.it/3xFG
2026-01-19,The Round-Up,1966,https://boxd.it/3idC
2026-01-19,Three Crowns of the Sailor,1983,https://boxd.it/1hQ
2026-01-19,Double Suicide,1969,https://boxd.it/OSQ
2026-01-19,Mother Joan of the Angels,1961,https://boxd.it/3Nny
2026-01-19,Alice in the Cities,1974,https://boxd.it/27cG
2026-01-19,White Heat,1949,https://boxd.it/1Lw0
2026-01-19,Kind Hearts and Coronets,1949,https://boxd.it/1SPe
2026-01-19,Mon Oncle,1958,https://boxd.it/2apy
2026-01-19,"Ivan the Terrible, Part II: The Boyars' Plot",1946,https://boxd.it/Vfc
2026-01-19,"Ivan the Terrible, Part I",1944,https://boxd.it/1XMO
2026-01-19,Kings of the Road,1976,https://boxd.it/1Vhk
2026-01-19,When the Tenth Month Comes,1984,https://boxd.it/5oXA
2026-01-19,I Vitelloni,1953,https://boxd.it/1RJE
2026-01-19,Cria!,1976,https://boxd.it/AoC
2026-01-19,The Fire Within,1963,https://boxd.it/26AM
2026-01-19,The Great Silence,1968,https://boxd.it/1ZlA
2026-01-19,Punishment Park,1971,https://boxd.it/1tJK
2026-01-19,The Sword of Doom,1966,https://boxd.it/1EoS
2026-01-19,Camera Buff,1979,https://boxd.it/XzS
2026-01-19,Elevator to the Gallows,1958,https://boxd.it/294u
2026-01-19,Mysteries of Lisbon,2010,https://boxd.it/UIos
2026-01-19,Damnation,1988,https://boxd.it/1E28
2026-01-19,The Marriage of Maria Braun,1979,https://boxd.it/29Su
2026-01-19,Interrogation,1989,https://boxd.it/1GCi
2026-01-19,The Seventh Continent,1989,https://boxd.it/1gB4
2026-01-19,My Friends,1975,https://boxd.it/1CI2
2026-01-19,The Killing,1956,https://boxd.it/2aMi
2026-01-19,Fireworks,1997,https://boxd.it/22mQ
2026-01-19,"Spring, Summer, Fall, Winter... and Spring",2003,https://boxd.it/2b6W
2026-01-19,Breaking the Waves,1996,https://boxd.it/2b1W
2026-01-19,"Oslo, August 31st",2011,https://boxd.it/2xQC
2026-01-19,Secret Sunshine,2007,https://boxd.it/27CY
2026-01-19,Down by Law,1986,https://boxd.it/28CA
2026-01-19,Jean de Florette,1986,https://boxd.it/24gK
2026-01-19,City of Life and Death,2009,https://boxd.it/1C3I
2026-01-19,Black Rain,1989,https://boxd.it/5DMs
2026-01-19,Alice,1988,https://boxd.it/1G3C
2026-01-19,Mahjong,1996,https://boxd.it/uku
2026-01-19,La Vie de Bohème,1992,https://boxd.it/1pZa
2026-01-19,"War and Peace, Part III: The Year 1812",1967,https://boxd.it/4JcS
2026-01-19,"War and Peace, Part I: Andrei Bolkonsky",1965,https://boxd.it/4FR8
2026-01-19,Fate of a Man,1959,https://boxd.it/38oU
2026-01-19,"War and Peace, Part II: Natasha Rostova",1966,https://boxd.it/4Jd2
2026-01-19,"War and Peace, Part IV: Pierre Bezukhov",1967,https://boxd.it/4JcI
2026-01-19,Shame,1968,https://boxd.it/1tZo
2026-01-19,Investigation of a Citizen Above Suspicion,1970,https://boxd.it/1tRY
2026-01-19,The Message,1976,https://boxd.it/xg6E
2026-01-19,Turtles Can Fly,2004,https://boxd.it/20l2
2026-01-19,The Sorrow and the Pity,1969,https://boxd.it/NFgQ
2026-01-19,Threads,1984,https://boxd.it/1I0g
2026-01-19,The Servant,1963,https://boxd.it/VAa
2026-01-19,A Short Film About Killing,1988,https://boxd.it/1VtK
2026-01-19,In Cold Blood,1967,https://boxd.it/1G62
2026-01-19,Sonatine,1993,https://boxd.it/20TI
2026-01-19,A Short Film About Love,1988,https://boxd.it/1jXC
2026-01-19,The Bad Sleep Well,1960,https://boxd.it/1iLA
2026-01-19,Stray Dog,1949,https://boxd.it/1ltu
2026-01-19,My Dinner with Andre,1981,https://boxd.it/1vLe
2026-01-19,"Black Cat, White Cat",1998,https://boxd.it/295s
2026-01-19,Tangerines,2013,https://boxd.it/71vM
2026-01-19,The Land,1970,https://boxd.it/44FO
2026-01-19,Hedwig and the Angry Inch,2001,https://boxd.it/1Qfe
2026-01-19,The Death of Mr. Lazarescu,2005,https://boxd.it/1k1a
2026-01-19,Mikey and Nicky,1976,https://boxd.it/iL4
2026-01-19,The Circus,1928,https://boxd.it/1orm
2026-01-19,"This Is Not a Burial, It's a Resurrection",2019,https://boxd.it/mRiA
2026-01-19,Kikujiro,1999,https://boxd.it/24xc
2026-01-19,The Wind,1928,https://boxd.it/1j9s
2026-01-19,Babette's Feast,1987,https://boxd.it/1SYU
2026-01-19,On the Silver Globe,1988,https://boxd.it/1sAM
2026-01-19,The Testament of Dr. Mabuse,1933,https://boxd.it/1Sia
2026-01-19,Miracle in Cell No. 7,2013,https://boxd.it/4Xws
2026-01-19,Love in the Afternoon,1972,https://boxd.it/1Svo
2026-01-19,Hud,1963,https://boxd.it/1x4Q
2026-01-19,Early Spring,1956,https://boxd.it/1DkA
2026-01-19,The American Friend,1977,https://boxd.it/1UkC
2026-01-19,Treasure Island,1989,https://boxd.it/G6u
2026-01-19,The Angel,1982,https://boxd.it/3DhU
2026-01-19,Le Notti Bianche,1957,https://boxd.it/V0G
2026-01-19,The Bridge,1959,https://boxd.it/28AE
2026-01-19,Like Stars on Earth,2007,https://boxd.it/20SA
2026-01-19,The Cow,1969,https://boxd.it/T5E
2026-01-19,Mamma Roma,1962,https://boxd.it/JRo
2026-01-19,Mr. Klein,1976,https://boxd.it/jgw
2026-01-19,The Raid 2,2014,https://boxd.it/5uz0
2026-01-19,Hello Cubans,1963,https://boxd.it/4BC4
2026-01-19,Voyage to Cythera,1984,https://boxd.it/JS2
2026-01-19,The 8 Diagram Pole Fighter,1984,https://boxd.it/1h2a
2026-01-19,The Legend of 1900,1998,https://boxd.it/1WpY
2026-01-19,In a Year with 13 Moons,1978,https://boxd.it/Xt6
2026-01-19,The Road,1982,https://boxd.it/yGY
2026-01-19,The Lovers,1994,https://boxd.it/2sjI
2026-01-19,Cardcaptor Sakura: The Sealed Card,2000,https://boxd.it/1jiO
2026-01-19,Bad Education,2004,https://boxd.it/2b2K
2026-01-19,The Color of Paradise,1999,https://boxd.it/1JfG
2026-01-19,Lone Wolf and Cub: Baby Cart at the River Styx,1972,https://boxd.it/1I2Q
2026-01-19,The Ballad of Narayama,1958,https://boxd.it/3SPW
2026-01-19,Pusher II,2004,https://boxd.it/1U7y
2026-01-19,The Hole,1998,https://boxd.it/LDo
2026-01-19,The Roaring Twenties,1939,https://boxd.it/17J4
2026-01-19,Exiled,2006,https://boxd.it/1Pn2
2026-01-19,Dragon Inn,1967,https://boxd.it/3xGa
2026-01-19,Red Dawn,1990,https://boxd.it/Jzu
2026-01-19,L'Argent,1983,https://boxd.it/XIg
2026-01-19,Ashes and Snow,2005,https://boxd.it/1E36
2026-01-19,The Hour of the Furnaces,1968,https://boxd.it/3a1S
2026-01-19,Harvey,1950,https://boxd.it/1T5w
2026-01-19,Profound Desires of the Gods,1968,https://boxd.it/D20
2026-01-19,That Obscure Object of Desire,1977,https://boxd.it/22zg
2026-01-19,Once Were Warriors,1994,https://boxd.it/2acY
2026-01-19,The Bad and the Beautiful,1952,https://boxd.it/1h3M
2026-01-19,The Joy Luck Club,1993,https://boxd.it/1ElY
2026-01-19,"Khrustalyov, My Car!",1998,https://boxd.it/3rPg
2026-01-19,The Monkey King: Uproar in Heaven,1961,https://boxd.it/JVU
2026-01-19,Why Don't You Play in Hell?,2013,https://boxd.it/4lnC
2026-01-19,"Léon Morin, Priest",1961,https://boxd.it/5O0
2026-01-19,Le Deuxième Souffle,1966,https://boxd.it/1wvG
2026-01-19,The Lost Weekend,1945,https://boxd.it/1pgE
2026-01-19,Evangelion: 2.0 You Can (Not) Advance,2009,https://boxd.it/1zYm
2026-01-19,I Knew Her Well,1965,https://boxd.it/ija
2026-01-19,Election 2,2006,https://boxd.it/1MRe
2026-01-21,Citizen Kane,1941,https://boxd.it/71O
2026-01-21,Nothing But a Man,1964,https://boxd.it/3dDA
2026-01-21,Silent Light,2007,https://boxd.it/27Ds
2026-01-21,Post Tenebras Lux,2012,https://boxd.it/3wTs
2026-01-21,Japón,2002,https://boxd.it/1b4Y
2026-01-21,Our Time,2018,https://boxd.it/dAje
2026-01-21,The Eight Mountains,2022,https://boxd.it/ufRe
2026-01-21,Hyenas,1992,https://boxd.it/45gg
2026-01-21,A Raisin in the Sun,1961,https://boxd.it/1now
2026-01-21,Compensation,1999,https://boxd.it/cDVy
2026-01-21,Hit the Road,2021,https://boxd.it/vBVO
2026-01-22,The Godfather Part III,1990,https://boxd.it/2aN6
2026-01-22,Bamboozled,2000,https://boxd.it/1xfa
2026-01-22,"Dr. Mabuse, the Gambler",1922,https://boxd.it/22dE
2026-01-22,Die Nibelungen: Kriemhild's Revenge,1924,https://boxd.it/WIu
2026-01-22,Fury,1936,https://boxd.it/1NJg
2026-01-23,Masters of the Universe,2026,https://boxd.it/gdKW
2026-01-25,Ghost in the Cell,2026,https://boxd.it/RBMG
2026-01-25,Wicker,2026,https://boxd.it/JlTq
2026-01-26,Zi,2026,https://boxd.it/Zscq
2026-01-29,Top of the Lake,2013,https://boxd.it/5M4Y
2026-01-29,An Angel at My Table,1990,https://boxd.it/269G
2026-01-29,Simon of the Desert,1965,https://boxd.it/1aXe
2026-01-29,The Phantom of Liberty,1974,https://boxd.it/22VG
2026-01-30,Crooklyn,1994,https://boxd.it/1efg
2026-01-31,Two Sleepy People,2025,https://boxd.it/U1qq
2026-02-04,The Hunt for Red October,1990,https://boxd.it/28lk
2026-02-04,Father of a Soldier,1965,https://boxd.it/4b3M
2026-02-04,Camp de Thiaroye,1988,https://boxd.it/3vWg
2026-02-04,The Maltese Falcon,1941,https://boxd.it/29c4
2026-02-04,John Denver Trending,2019,https://boxd.it/mHYm
2026-02-04,Mars One,2022,https://boxd.it/yoPa
2026-02-04,The Red Light Bandit,1968,https://boxd.it/5ESQ
2026-02-05,The Invite,2026,https://boxd.it/zRNY
2026-02-05,Once Upon a Time in Harlem,2026,https://boxd.it/ZsJa
2026-02-05,The Weight,2026,https://boxd.it/T2Wq
2026-02-05,Frank & Louis,2026,https://boxd.it/ZsYa
2026-02-05,The Friend's House is Here,2026,https://boxd.it/ZsYu
2026-02-05,If I Go Will They Miss Me,2026,https://boxd.it/ZsF8
2026-02-05,Josephine,2026,https://boxd.it/NzPA
2026-02-05,Chasing Summer,2026,https://boxd.it/YAQG
2026-02-05,Silenced,2026,https://boxd.it/ZsUM
2026-02-05,Gail Daughtry and the Celebrity Sex Pass,2026,https://boxd.it/UMPC
2026-02-05,Jaripeo,2026,https://boxd.it/Vd2s
2026-02-05,Shame and Money,2026,https://boxd.it/XTKA
2026-02-05,See You When I See You,2026,https://boxd.it/R7Ly
2026-02-05,How to Divorce During the War,2026,https://boxd.it/WV9k
2026-02-05,Tell Me Everything,2026,https://boxd.it/S0Zg
2026-02-06,I Am a Fugitive from a Chain Gang,1932,https://boxd.it/1mNg
2026-02-08,Drunken Angel,1948,https://boxd.it/1uYQ
2026-02-09,The President's Cake,2025,https://boxd.it/UhSA
2026-02-12,Take Out,2004,https://boxd.it/17DA
2026-02-12,Hamilton,2020,https://boxd.it/kmvE
2026-02-12,Kubo and the Two Strings,2016,https://boxd.it/a4wE
2026-02-12,The Kingdom of Dreams and Madness,2013,https://boxd.it/7oOi
2026-02-12,I'm No Longer Here,2019,https://boxd.it/lqSu
2026-02-12,Little Forest,2018,https://boxd.it/fYHI
2026-02-12,Real Women Have Curves,2002,https://boxd.it/1lBI
2026-02-12,The Invisible Guest,2016,https://boxd.it/euce
2026-02-12,The Matrix Reloaded,2003,https://boxd.it/2a1c
2026-02-12,The Matrix Revolutions,2003,https://boxd.it/2a12
2026-02-12,Long Day's Journey Into Night,2018,https://boxd.it/hw1I
2026-02-14,Hotel Hotel Hotel Hotel,,https://boxd.it/WtYk
2026-02-14,There Will Be Blood,2007,https://boxd.it/20Z2
2026-02-14,Rebels of the Neon God,1992,https://boxd.it/mp2
2026-02-14,Vive L'Amour,1994,https://boxd.it/2wsa
2026-02-15,Sherlock: A Study in Pink,2010,https://boxd.it/mueU
2026-02-18,Mulholland Drive,2001,https://boxd.it/297o
2026-02-18,Blue Velvet,1986,https://boxd.it/29BI
2026-02-19,Gold Diggers of 1933,1933,https://boxd.it/1iW4
2026-03-01,Driveways,2019,https://boxd.it/kRBy
2026-03-01,National Lampoon's Christmas Vacation,1989,https://boxd.it/22wQ
2026-03-01,Madden,2026,https://boxd.it/GO6G
2026-03-01,Kokuho,2025,https://boxd.it/R6yo
2026-03-01,Oasis,2002,https://boxd.it/1sO0
2026-03-01,And Then We Danced,2019,https://boxd.it/m0e6
2026-03-01,A Fugitive from the Past,1965,https://boxd.it/3TFy
2026-03-01,Devi,1960,https://boxd.it/Vt4
2026-03-01,The Flavor of Green Tea Over Rice,1952,https://boxd.it/spi
2026-03-01,Babylon,1980,https://boxd.it/nyk
2026-03-01,Embrace of the Serpent,2015,https://boxd.it/baba
2026-03-01,Meiyazhagan,2024,https://boxd.it/GYue
2026-03-01,HAIKYU!! The Dumpster Battle,2024,https://boxd.it/Cgri
2026-03-01,Better Days,2019,https://boxd.it/l9Ke
2026-03-01,Silenced,2011,https://boxd.it/2QGG
2026-03-01,Falling in Love Like in Movies,2023,https://boxd.it/EDQY
2026-03-01,"One Sings, the Other Doesn't",1977,https://boxd.it/98s
2026-03-01,The Bitter Tears of Petra von Kant,1972,https://boxd.it/1WzE
2026-03-01,Mission: Impossible – Fallout,2018,https://boxd.it/bSVc
2026-03-01,Top Gun: Maverick,2022,https://boxd.it/cjr4
2026-03-01,Burning Days,2022,https://boxd.it/psok
2026-03-01,Ode to Nothing,2018,https://boxd.it/kg5K
2026-03-01,Kizumonogatari Part 1: Tekketsu,2016,https://boxd.it/c7sO
2026-03-02,Urusei Yatsura: Beautiful Dreamer,1984,https://boxd.it/T8o
2026-03-02,Talking Head,1992,https://boxd.it/3MiC
2026-03-02,A Dog's Will,2000,https://boxd.it/12u4
2026-03-08,Melancholia,2008,https://boxd.it/62uy
2026-03-09,The Super Mario Galaxy Movie,2026,https://boxd.it/KzPa
2026-03-09,Hokum,2026,https://boxd.it/SUeq
2026-03-09,The Dog Stars,2026,https://boxd.it/RfZI
2026-03-09,The End of Oak Street,2026,https://boxd.it/FF9a
2026-03-09,They Will Kill You,2026,https://boxd.it/Nk5i
2026-03-09,Verity,2026,https://boxd.it/MYia
2026-03-09,Godzilla Minus Zero,2026,https://boxd.it/R9dS
2026-03-09,Faces of Death,2026,https://boxd.it/wiLC
2026-03-09,Wild Horse Nine,2026,https://boxd.it/xG0M
2026-03-09,Is God Is,2026,https://boxd.it/R80o
2026-03-09,Fjord,2026,https://boxd.it/RVja
2026-03-09,In the Grey,2026,https://boxd.it/Grji
2026-03-09,Onslaught,2026,https://boxd.it/MYKI
